GUID,Frame Number,Anomaly Score,Anomaly Status
c6ba2cd2-58a0-44f4-9b75-993b4399c675,0,0.0066500655,Normal
c6ba2cd2-58a0-44f4-9b75-993b4399c675,1,0.00604692,Normal
c6ba2cd2-58a0-44f4-9b75-993b4399c675,2,0.006350515,Normal
c6ba2cd2-58a0-44f4-9b75-993b4399c675,3,0.0065888427,Normal
c6ba2cd2-58a0-44f4-9b75-993b4399c675,4,0.006226597,Normal
c6ba2cd2-58a0-44f4-9b75-993b4399c675,5,0.005975405,Normal
c6ba2cd2-58a0-44f4-9b75-993b4399c675,6,0.006283081,Normal
c6ba2cd2-58a0-44f4-9b75-993b4399c675,7,0.0065620467,Normal
c6ba2cd2-58a0-44f4-9b75-993b4399c675,8,0.0060883537,Normal
c6ba2cd2-58a0-44f4-9b75-993b4399c675,9,0.006114376,Normal
c6ba2cd2-58a0-44f4-9b75-993b4399c675,10,0.0063634682,Normal
c6ba2cd2-58a0-44f4-9b75-993b4399c675,11,0.006597993,Normal
c6ba2cd2-58a0-44f4-9b75-993b4399c675,12,0.006072647,Normal
c6ba2cd2-58a0-44f4-9b75-993b4399c675,13,0.0058510816,Normal
c6ba2cd2-58a0-44f4-9b75-993b4399c675,14,0.005961705,Normal
c6ba2cd2-58a0-44f4-9b75-993b4399c675,15,0.006192508,Normal
c6ba2cd2-58a0-44f4-9b75-993b4399c675,16,0.006235812,Normal
c6ba2cd2-58a0-44f4-9b75-993b4399c675,17,0.0060244687,Normal
c6ba2cd2-58a0-44f4-9b75-993b4399c675,18,0.0062130205,Normal
c6ba2cd2-58a0-44f4-9b75-993b4399c675,19,0.006271622,Normal
c6ba2cd2-58a0-44f4-9b75-993b4399c675,20,0.0059997784,Normal
c6ba2cd2-58a0-44f4-9b75-993b4399c675,21,0.0059707453,Normal
c6ba2cd2-58a0-44f4-9b75-993b4399c675,22,0.005843454,Normal
c6ba2cd2-58a0-44f4-9b75-993b4399c675,23,0.0059033213,Normal
c6ba2cd2-58a0-44f4-9b75-993b4399c675,24,0.0059157084,Normal
c6ba2cd2-58a0-44f4-9b75-993b4399c675,25,0.006012281,Normal
c6ba2cd2-58a0-44f4-9b75-993b4399c675,26,0.0057337545,Normal
c6ba2cd2-58a0-44f4-9b75-993b4399c675,27,0.0056688604,Normal
c6ba2cd2-58a0-44f4-9b75-993b4399c675,28,0.006173766,Normal
c6ba2cd2-58a0-44f4-9b75-993b4399c675,29,0.0061458526,Normal
c6ba2cd2-58a0-44f4-9b75-993b4399c675,30,0.0059072115,Normal
c6ba2cd2-58a0-44f4-9b75-993b4399c675,31,0.0061739367,Normal
c6ba2cd2-58a0-44f4-9b75-993b4399c675,32,0.006193554,Normal
c6ba2cd2-58a0-44f4-9b75-993b4399c675,33,0.005757005,Normal
c6ba2cd2-58a0-44f4-9b75-993b4399c675,34,0.005911448,Normal
c6ba2cd2-58a0-44f4-9b75-993b4399c675,35,0.006144557,Normal
c6ba2cd2-58a0-44f4-9b75-993b4399c675,36,0.0058298,Normal
c6ba2cd2-58a0-44f4-9b75-993b4399c675,37,0.0060714856,Normal
c6ba2cd2-58a0-44f4-9b75-993b4399c675,38,0.006355915,Normal
c6ba2cd2-58a0-44f4-9b75-993b4399c675,39,0.006066215,Normal
c6ba2cd2-58a0-44f4-9b75-993b4399c675,40,0.0064408286,Normal
c6ba2cd2-58a0-44f4-9b75-993b4399c675,41,0.0065731527,Normal
c6ba2cd2-58a0-44f4-9b75-993b4399c675,42,0.0062307175,Normal
c6ba2cd2-58a0-44f4-9b75-993b4399c675,43,0.0063751983,Normal
c6ba2cd2-58a0-44f4-9b75-993b4399c675,44,0.0059860917,Normal
c6ba2cd2-58a0-44f4-9b75-993b4399c675,45,0.0061394526,Normal
c6ba2cd2-58a0-44f4-9b75-993b4399c675,46,0.005976567,Normal
c6ba2cd2-58a0-44f4-9b75-993b4399c675,47,0.0060932883,Normal
c6ba2cd2-58a0-44f4-9b75-993b4399c675,48,0.0065657375,Normal
c6ba2cd2-58a0-44f4-9b75-993b4399c675,49,0.0062490976,Normal
c6ba2cd2-58a0-44f4-9b75-993b4399c675,50,0.0060442714,Normal
c6ba2cd2-58a0-44f4-9b75-993b4399c675,51,0.006133902,Normal
c6ba2cd2-58a0-44f4-9b75-993b4399c675,52,0.005851591,Normal
c6ba2cd2-58a0-44f4-9b75-993b4399c675,53,0.006041932,Normal
c6ba2cd2-58a0-44f4-9b75-993b4399c675,54,0.005844408,Normal
c6ba2cd2-58a0-44f4-9b75-993b4399c675,55,0.0060878405,Normal
c6ba2cd2-58a0-44f4-9b75-993b4399c675,56,0.0056949947,Normal
c6ba2cd2-58a0-44f4-9b75-993b4399c675,57,0.0059856707,Normal
c6ba2cd2-58a0-44f4-9b75-993b4399c675,58,0.0056907423,Normal
c6ba2cd2-58a0-44f4-9b75-993b4399c675,59,0.005815574,Normal
c6ba2cd2-58a0-44f4-9b75-993b4399c675,60,0.0056880945,Normal
c6ba2cd2-58a0-44f4-9b75-993b4399c675,61,0.005460407,Normal
c6ba2cd2-58a0-44f4-9b75-993b4399c675,62,0.005675785,Normal
c6ba2cd2-58a0-44f4-9b75-993b4399c675,63,0.0058948738,Normal
c6ba2cd2-58a0-44f4-9b75-993b4399c675,64,0.0056146397,Normal
c6ba2cd2-58a0-44f4-9b75-993b4399c675,65,0.0058412864,Normal
c6ba2cd2-58a0-44f4-9b75-993b4399c675,66,0.005764094,Normal
c6ba2cd2-58a0-44f4-9b75-993b4399c675,67,0.005661092,Normal
c6ba2cd2-58a0-44f4-9b75-993b4399c675,68,0.0057919044,Normal
c6ba2cd2-58a0-44f4-9b75-993b4399c675,69,0.005710531,Normal
c6ba2cd2-58a0-44f4-9b75-993b4399c675,70,0.0056760916,Normal
c6ba2cd2-58a0-44f4-9b75-993b4399c675,71,0.0059117107,Normal
c6ba2cd2-58a0-44f4-9b75-993b4399c675,72,0.0057624457,Normal
c6ba2cd2-58a0-44f4-9b75-993b4399c675,73,0.0057957084,Normal
c6ba2cd2-58a0-44f4-9b75-993b4399c675,74,0.0060356082,Normal
c6ba2cd2-58a0-44f4-9b75-993b4399c675,75,0.005817935,Normal
c6ba2cd2-58a0-44f4-9b75-993b4399c675,76,0.00582664,Normal
c6ba2cd2-58a0-44f4-9b75-993b4399c675,77,0.005999513,Normal
c6ba2cd2-58a0-44f4-9b75-993b4399c675,78,0.0060723377,Normal
c6ba2cd2-58a0-44f4-9b75-993b4399c675,79,0.005962503,Normal
c6ba2cd2-58a0-44f4-9b75-993b4399c675,80,0.005844328,Normal
c6ba2cd2-58a0-44f4-9b75-993b4399c675,81,0.0059422813,Normal
c6ba2cd2-58a0-44f4-9b75-993b4399c675,82,0.005839286,Normal
c6ba2cd2-58a0-44f4-9b75-993b4399c675,83,0.005687125,Normal
c6ba2cd2-58a0-44f4-9b75-993b4399c675,84,0.0058522047,Normal
c6ba2cd2-58a0-44f4-9b75-993b4399c675,85,0.006059477,Normal
c6ba2cd2-58a0-44f4-9b75-993b4399c675,86,0.0058434466,Normal
c6ba2cd2-58a0-44f4-9b75-993b4399c675,87,0.005818686,Normal
c6ba2cd2-58a0-44f4-9b75-993b4399c675,88,0.005758566,Normal
c6ba2cd2-58a0-44f4-9b75-993b4399c675,89,0.005878051,Normal
c6ba2cd2-58a0-44f4-9b75-993b4399c675,90,0.005883724,Normal
c6ba2cd2-58a0-44f4-9b75-993b4399c675,91,0.0057452247,Normal
c6ba2cd2-58a0-44f4-9b75-993b4399c675,92,0.0057029543,Normal
c6ba2cd2-58a0-44f4-9b75-993b4399c675,93,0.0057305796,Normal
c6ba2cd2-58a0-44f4-9b75-993b4399c675,94,0.0057984777,Normal
c6ba2cd2-58a0-44f4-9b75-993b4399c675,95,0.0055385847,Normal
c6ba2cd2-58a0-44f4-9b75-993b4399c675,96,0.005533404,Normal
c6ba2cd2-58a0-44f4-9b75-993b4399c675,97,0.0056917565,Normal
c6ba2cd2-58a0-44f4-9b75-993b4399c675,98,0.0056469743,Normal
c6ba2cd2-58a0-44f4-9b75-993b4399c675,99,0.0056747566,Normal
c6ba2cd2-58a0-44f4-9b75-993b4399c675,100,0.005733139,Normal
c6ba2cd2-58a0-44f4-9b75-993b4399c675,101,0.00564381,Normal
c6ba2cd2-58a0-44f4-9b75-993b4399c675,102,0.005794171,Normal
c6ba2cd2-58a0-44f4-9b75-993b4399c675,103,0.005688276,Normal
c6ba2cd2-58a0-44f4-9b75-993b4399c675,104,0.005732001,Normal
c6ba2cd2-58a0-44f4-9b75-993b4399c675,105,0.005618038,Normal
c6ba2cd2-58a0-44f4-9b75-993b4399c675,106,0.0055843424,Normal
c6ba2cd2-58a0-44f4-9b75-993b4399c675,107,0.005583225,Normal
c6ba2cd2-58a0-44f4-9b75-993b4399c675,108,0.005624,Normal
c6ba2cd2-58a0-44f4-9b75-993b4399c675,109,0.0059379963,Normal
c6ba2cd2-58a0-44f4-9b75-993b4399c675,110,0.0059679057,Normal
c6ba2cd2-58a0-44f4-9b75-993b4399c675,111,0.005915008,Normal
c6ba2cd2-58a0-44f4-9b75-993b4399c675,112,0.0061164526,Normal
c6ba2cd2-58a0-44f4-9b75-993b4399c675,113,0.006011503,Normal
c6ba2cd2-58a0-44f4-9b75-993b4399c675,114,0.0061999205,Normal
c6ba2cd2-58a0-44f4-9b75-993b4399c675,115,0.0061723897,Normal
c6ba2cd2-58a0-44f4-9b75-993b4399c675,116,0.0062004346,Normal
c6ba2cd2-58a0-44f4-9b75-993b4399c675,117,0.0063036084,Normal
c6ba2cd2-58a0-44f4-9b75-993b4399c675,118,0.0063002547,Normal
c6ba2cd2-58a0-44f4-9b75-993b4399c675,119,0.0062959287,Normal
c6ba2cd2-58a0-44f4-9b75-993b4399c675,120,0.006304404,Normal
c6ba2cd2-58a0-44f4-9b75-993b4399c675,121,0.0062270733,Normal
c6ba2cd2-58a0-44f4-9b75-993b4399c675,122,0.006243216,Normal
c6ba2cd2-58a0-44f4-9b75-993b4399c675,123,0.0062604407,Normal
c6ba2cd2-58a0-44f4-9b75-993b4399c675,124,0.0061750347,Normal
c6ba2cd2-58a0-44f4-9b75-993b4399c675,125,0.0061482945,Normal
c6ba2cd2-58a0-44f4-9b75-993b4399c675,126,0.006147966,Normal
c6ba2cd2-58a0-44f4-9b75-993b4399c675,127,0.0062145526,Normal
c6ba2cd2-58a0-44f4-9b75-993b4399c675,128,0.006259728,Normal
c6ba2cd2-58a0-44f4-9b75-993b4399c675,129,0.0062559377,Normal
c6ba2cd2-58a0-44f4-9b75-993b4399c675,130,0.0062033273,Normal
c6ba2cd2-58a0-44f4-9b75-993b4399c675,131,0.0062795263,Normal
c6ba2cd2-58a0-44f4-9b75-993b4399c675,132,0.006311614,Normal
c6ba2cd2-58a0-44f4-9b75-993b4399c675,133,0.0062232288,Normal
c6ba2cd2-58a0-44f4-9b75-993b4399c675,134,0.006267151,Normal
c6ba2cd2-58a0-44f4-9b75-993b4399c675,135,0.006210792,Normal
c6ba2cd2-58a0-44f4-9b75-993b4399c675,136,0.0063293166,Normal
c6ba2cd2-58a0-44f4-9b75-993b4399c675,137,0.006360696,Normal
c6ba2cd2-58a0-44f4-9b75-993b4399c675,138,0.006481669,Normal
c6ba2cd2-58a0-44f4-9b75-993b4399c675,139,0.006553985,Normal
c6ba2cd2-58a0-44f4-9b75-993b4399c675,140,0.0064496454,Normal
c6ba2cd2-58a0-44f4-9b75-993b4399c675,141,0.006425118,Normal
c6ba2cd2-58a0-44f4-9b75-993b4399c675,142,0.006454886,Normal
c6ba2cd2-58a0-44f4-9b75-993b4399c675,143,0.0064303386,Normal
c6ba2cd2-58a0-44f4-9b75-993b4399c675,144,0.0064160596,Normal
c6ba2cd2-58a0-44f4-9b75-993b4399c675,145,0.006433582,Normal
c6ba2cd2-58a0-44f4-9b75-993b4399c675,146,0.00640435,Normal
c6ba2cd2-58a0-44f4-9b75-993b4399c675,147,0.0064258855,Normal
c6ba2cd2-58a0-44f4-9b75-993b4399c675,148,0.0065001147,Normal
c6ba2cd2-58a0-44f4-9b75-993b4399c675,149,0.0064870846,Normal
c6ba2cd2-58a0-44f4-9b75-993b4399c675,150,0.006500818,Normal
c6ba2cd2-58a0-44f4-9b75-993b4399c675,151,0.0064809266,Normal
c6ba2cd2-58a0-44f4-9b75-993b4399c675,152,0.0063646277,Normal
c6ba2cd2-58a0-44f4-9b75-993b4399c675,153,0.006279836,Normal
c6ba2cd2-58a0-44f4-9b75-993b4399c675,154,0.0062572556,Normal
c6ba2cd2-58a0-44f4-9b75-993b4399c675,155,0.0061109317,Normal
c6ba2cd2-58a0-44f4-9b75-993b4399c675,156,0.0060135275,Normal
c6ba2cd2-58a0-44f4-9b75-993b4399c675,157,0.005939182,Normal
c6ba2cd2-58a0-44f4-9b75-993b4399c675,158,0.0058975862,Normal
c6ba2cd2-58a0-44f4-9b75-993b4399c675,159,0.0059843594,Normal
c6ba2cd2-58a0-44f4-9b75-993b4399c675,160,0.0058436133,Normal
c6ba2cd2-58a0-44f4-9b75-993b4399c675,161,0.0058167,Normal
c6ba2cd2-58a0-44f4-9b75-993b4399c675,162,0.005695789,Normal
c6ba2cd2-58a0-44f4-9b75-993b4399c675,163,0.00581652,Normal
c6ba2cd2-58a0-44f4-9b75-993b4399c675,164,0.005939224,Normal
c6ba2cd2-58a0-44f4-9b75-993b4399c675,165,0.005988191,Normal
c6ba2cd2-58a0-44f4-9b75-993b4399c675,166,0.006037566,Normal
c6ba2cd2-58a0-44f4-9b75-993b4399c675,167,0.0061378693,Normal
c6ba2cd2-58a0-44f4-9b75-993b4399c675,168,0.006307675,Normal
c6ba2cd2-58a0-44f4-9b75-993b4399c675,169,0.006561864,Normal
c6ba2cd2-58a0-44f4-9b75-993b4399c675,170,0.006633126,Normal
c6ba2cd2-58a0-44f4-9b75-993b4399c675,171,0.0065819747,Normal
c6ba2cd2-58a0-44f4-9b75-993b4399c675,172,0.006687672,Normal
c6ba2cd2-58a0-44f4-9b75-993b4399c675,173,0.006815133,Normal
c6ba2cd2-58a0-44f4-9b75-993b4399c675,174,0.0071386085,Normal
c6ba2cd2-58a0-44f4-9b75-993b4399c675,175,0.0070883734,Normal
c6ba2cd2-58a0-44f4-9b75-993b4399c675,176,0.00722339,Normal
c6ba2cd2-58a0-44f4-9b75-993b4399c675,177,0.007367244,Normal
c6ba2cd2-58a0-44f4-9b75-993b4399c675,178,0.007567678,Normal
c6ba2cd2-58a0-44f4-9b75-993b4399c675,179,0.0076308907,Normal
c6ba2cd2-58a0-44f4-9b75-993b4399c675,180,0.0076854913,Normal
c6ba2cd2-58a0-44f4-9b75-993b4399c675,181,0.0074639097,Normal
c6ba2cd2-58a0-44f4-9b75-993b4399c675,182,0.007370882,Normal
c6ba2cd2-58a0-44f4-9b75-993b4399c675,183,0.0071850717,Normal
c6ba2cd2-58a0-44f4-9b75-993b4399c675,184,0.0072888345,Normal
c6ba2cd2-58a0-44f4-9b75-993b4399c675,185,0.0072789313,Normal
c6ba2cd2-58a0-44f4-9b75-993b4399c675,186,0.0070456937,Normal
c6ba2cd2-58a0-44f4-9b75-993b4399c675,187,0.007021473,Normal
c6ba2cd2-58a0-44f4-9b75-993b4399c675,188,0.007147362,Normal
c6ba2cd2-58a0-44f4-9b75-993b4399c675,189,0.0071754,Normal
c6ba2cd2-58a0-44f4-9b75-993b4399c675,190,0.00706513,Normal
c6ba2cd2-58a0-44f4-9b75-993b4399c675,191,0.0069440175,Normal
c6ba2cd2-58a0-44f4-9b75-993b4399c675,192,0.0069374167,Normal
c6ba2cd2-58a0-44f4-9b75-993b4399c675,193,0.0069932826,Normal
c6ba2cd2-58a0-44f4-9b75-993b4399c675,194,0.0070341993,Normal
c6ba2cd2-58a0-44f4-9b75-993b4399c675,195,0.006981085,Normal
c6ba2cd2-58a0-44f4-9b75-993b4399c675,196,0.0067905495,Normal
c6ba2cd2-58a0-44f4-9b75-993b4399c675,197,0.0069076596,Normal
c6ba2cd2-58a0-44f4-9b75-993b4399c675,198,0.006843621,Normal
c6ba2cd2-58a0-44f4-9b75-993b4399c675,199,0.006849199,Normal
c6ba2cd2-58a0-44f4-9b75-993b4399c675,200,0.0068123797,Normal
c6ba2cd2-58a0-44f4-9b75-993b4399c675,201,0.006731469,Normal
c6ba2cd2-58a0-44f4-9b75-993b4399c675,202,0.0066357795,Normal
c6ba2cd2-58a0-44f4-9b75-993b4399c675,203,0.006511991,Normal
c6ba2cd2-58a0-44f4-9b75-993b4399c675,204,0.0065891966,Normal
c6ba2cd2-58a0-44f4-9b75-993b4399c675,205,0.0065292986,Normal
c6ba2cd2-58a0-44f4-9b75-993b4399c675,206,0.0064737876,Normal
c6ba2cd2-58a0-44f4-9b75-993b4399c675,207,0.006537201,Normal
c6ba2cd2-58a0-44f4-9b75-993b4399c675,208,0.0065598357,Normal
c6ba2cd2-58a0-44f4-9b75-993b4399c675,209,0.0065105776,Normal
c6ba2cd2-58a0-44f4-9b75-993b4399c675,210,0.0066307294,Normal
c6ba2cd2-58a0-44f4-9b75-993b4399c675,211,0.0066930726,Normal
c6ba2cd2-58a0-44f4-9b75-993b4399c675,212,0.0067953956,Normal
c6ba2cd2-58a0-44f4-9b75-993b4399c675,213,0.0067633744,Normal
c6ba2cd2-58a0-44f4-9b75-993b4399c675,214,0.0068548005,Normal
c6ba2cd2-58a0-44f4-9b75-993b4399c675,215,0.0069397925,Normal
c6ba2cd2-58a0-44f4-9b75-993b4399c675,216,0.0069665555,Normal
c6ba2cd2-58a0-44f4-9b75-993b4399c675,217,0.006868518,Normal
c6ba2cd2-58a0-44f4-9b75-993b4399c675,218,0.006954916,Normal
c6ba2cd2-58a0-44f4-9b75-993b4399c675,219,0.0069861845,Normal
c6ba2cd2-58a0-44f4-9b75-993b4399c675,220,0.006897238,Normal
c6ba2cd2-58a0-44f4-9b75-993b4399c675,221,0.0068944735,Normal
c6ba2cd2-58a0-44f4-9b75-993b4399c675,222,0.0069032405,Normal
c6ba2cd2-58a0-44f4-9b75-993b4399c675,223,0.006898246,Normal
c6ba2cd2-58a0-44f4-9b75-993b4399c675,224,0.006885331,Normal
c6ba2cd2-58a0-44f4-9b75-993b4399c675,225,0.0068599945,Normal
c6ba2cd2-58a0-44f4-9b75-993b4399c675,226,0.00363454,Normal
c6ba2cd2-58a0-44f4-9b75-993b4399c675,227,0.007550082,Normal
c6ba2cd2-58a0-44f4-9b75-993b4399c675,228,0.0075695417,Normal
c6ba2cd2-58a0-44f4-9b75-993b4399c675,229,0.0077582076,Normal
c6ba2cd2-58a0-44f4-9b75-993b4399c675,230,0.007735937,Normal
c6ba2cd2-58a0-44f4-9b75-993b4399c675,231,0.0077907387,Normal
c6ba2cd2-58a0-44f4-9b75-993b4399c675,232,0.007903343,Normal
c6ba2cd2-58a0-44f4-9b75-993b4399c675,233,0.007844294,Normal
c6ba2cd2-58a0-44f4-9b75-993b4399c675,234,0.007958565,Normal
c6ba2cd2-58a0-44f4-9b75-993b4399c675,235,0.008028179,Normal
c6ba2cd2-58a0-44f4-9b75-993b4399c675,236,0.00801597,Normal
c6ba2cd2-58a0-44f4-9b75-993b4399c675,237,0.007931214,Normal
c6ba2cd2-58a0-44f4-9b75-993b4399c675,238,0.00796201,Normal
c6ba2cd2-58a0-44f4-9b75-993b4399c675,239,0.008031631,Normal
c6ba2cd2-58a0-44f4-9b75-993b4399c675,240,0.007980302,Normal
c6ba2cd2-58a0-44f4-9b75-993b4399c675,241,0.008019236,Normal
c6ba2cd2-58a0-44f4-9b75-993b4399c675,242,0.008025854,Normal
c6ba2cd2-58a0-44f4-9b75-993b4399c675,243,0.008023966,Normal
c6ba2cd2-58a0-44f4-9b75-993b4399c675,244,0.008044113,Normal
c6ba2cd2-58a0-44f4-9b75-993b4399c675,245,0.00800846,Normal
c6ba2cd2-58a0-44f4-9b75-993b4399c675,246,0.008101112,Normal
c6ba2cd2-58a0-44f4-9b75-993b4399c675,247,0.008144669,Normal
c6ba2cd2-58a0-44f4-9b75-993b4399c675,248,0.008056243,Normal
c6ba2cd2-58a0-44f4-9b75-993b4399c675,249,0.008146426,Normal
c6ba2cd2-58a0-44f4-9b75-993b4399c675,250,0.008140748,Normal
c6ba2cd2-58a0-44f4-9b75-993b4399c675,251,0.008149197,Normal
c6ba2cd2-58a0-44f4-9b75-993b4399c675,252,0.008126421,Normal
c6ba2cd2-58a0-44f4-9b75-993b4399c675,253,0.008183192,Normal
c6ba2cd2-58a0-44f4-9b75-993b4399c675,254,0.008303953,Normal
c6ba2cd2-58a0-44f4-9b75-993b4399c675,255,0.008233593,Normal
c6ba2cd2-58a0-44f4-9b75-993b4399c675,256,0.008253854,Normal
c6ba2cd2-58a0-44f4-9b75-993b4399c675,257,0.0083024455,Normal
c6ba2cd2-58a0-44f4-9b75-993b4399c675,258,0.008243549,Normal
c6ba2cd2-58a0-44f4-9b75-993b4399c675,259,0.008303857,Normal
c6ba2cd2-58a0-44f4-9b75-993b4399c675,260,0.008289722,Normal
c6ba2cd2-58a0-44f4-9b75-993b4399c675,261,0.008294893,Normal
c6ba2cd2-58a0-44f4-9b75-993b4399c675,262,0.0082905525,Normal
c6ba2cd2-58a0-44f4-9b75-993b4399c675,263,0.008302422,Normal
c6ba2cd2-58a0-44f4-9b75-993b4399c675,264,0.008325953,Normal
c6ba2cd2-58a0-44f4-9b75-993b4399c675,265,0.008281821,Normal
c6ba2cd2-58a0-44f4-9b75-993b4399c675,266,0.008320011,Normal
c6ba2cd2-58a0-44f4-9b75-993b4399c675,267,0.008339883,Normal
c6ba2cd2-58a0-44f4-9b75-993b4399c675,268,0.008313691,Normal
c6ba2cd2-58a0-44f4-9b75-993b4399c675,269,0.008381233,Normal
c6ba2cd2-58a0-44f4-9b75-993b4399c675,270,0.008413769,Normal
c6ba2cd2-58a0-44f4-9b75-993b4399c675,271,0.008366691,Normal
c6ba2cd2-58a0-44f4-9b75-993b4399c675,272,0.0083789565,Normal
c6ba2cd2-58a0-44f4-9b75-993b4399c675,273,0.008424267,Normal
c6ba2cd2-58a0-44f4-9b75-993b4399c675,274,0.008523924,Normal
c6ba2cd2-58a0-44f4-9b75-993b4399c675,275,0.008440053,Normal
c6ba2cd2-58a0-44f4-9b75-993b4399c675,276,0.008446015,Normal
c6ba2cd2-58a0-44f4-9b75-993b4399c675,277,0.0084374985,Normal
c6ba2cd2-58a0-44f4-9b75-993b4399c675,278,0.008399861,Normal
c6ba2cd2-58a0-44f4-9b75-993b4399c675,279,0.008422069,Normal
c6ba2cd2-58a0-44f4-9b75-993b4399c675,280,0.008427601,Normal
c6ba2cd2-58a0-44f4-9b75-993b4399c675,281,0.0033516972,Normal
c6ba2cd2-58a0-44f4-9b75-993b4399c675,282,0.006140791,Normal
c6ba2cd2-58a0-44f4-9b75-993b4399c675,283,0.0062220315,Normal
c6ba2cd2-58a0-44f4-9b75-993b4399c675,284,0.006202704,Normal
c6ba2cd2-58a0-44f4-9b75-993b4399c675,285,0.0062079346,Normal
c6ba2cd2-58a0-44f4-9b75-993b4399c675,286,0.0062165707,Normal
c6ba2cd2-58a0-44f4-9b75-993b4399c675,287,0.0062135346,Normal
c6ba2cd2-58a0-44f4-9b75-993b4399c675,288,0.0061596716,Normal
c6ba2cd2-58a0-44f4-9b75-993b4399c675,289,0.0061969142,Normal
c6ba2cd2-58a0-44f4-9b75-993b4399c675,290,0.006214643,Normal
c6ba2cd2-58a0-44f4-9b75-993b4399c675,291,0.006185204,Normal
c6ba2cd2-58a0-44f4-9b75-993b4399c675,292,0.0061648292,Normal
c6ba2cd2-58a0-44f4-9b75-993b4399c675,293,0.006211553,Normal
c6ba2cd2-58a0-44f4-9b75-993b4399c675,294,0.0063010026,Normal
c6ba2cd2-58a0-44f4-9b75-993b4399c675,295,0.0062870164,Normal
c6ba2cd2-58a0-44f4-9b75-993b4399c675,296,0.0063229864,Normal
c6ba2cd2-58a0-44f4-9b75-993b4399c675,297,0.006339088,Normal
c6ba2cd2-58a0-44f4-9b75-993b4399c675,298,0.006382241,Normal
c6ba2cd2-58a0-44f4-9b75-993b4399c675,299,0.006494469,Normal
c6ba2cd2-58a0-44f4-9b75-993b4399c675,300,0.0064713247,Normal
c6ba2cd2-58a0-44f4-9b75-993b4399c675,301,0.0064539034,Normal
c6ba2cd2-58a0-44f4-9b75-993b4399c675,302,0.0065063117,Normal
c6ba2cd2-58a0-44f4-9b75-993b4399c675,303,0.006479359,Normal
c6ba2cd2-58a0-44f4-9b75-993b4399c675,304,0.006470025,Normal
c6ba2cd2-58a0-44f4-9b75-993b4399c675,305,0.0063848803,Normal
c6ba2cd2-58a0-44f4-9b75-993b4399c675,306,0.006356514,Normal
c6ba2cd2-58a0-44f4-9b75-993b4399c675,307,0.006390753,Normal
c6ba2cd2-58a0-44f4-9b75-993b4399c675,308,0.00645855,Normal
c6ba2cd2-58a0-44f4-9b75-993b4399c675,309,0.006528813,Normal
c6ba2cd2-58a0-44f4-9b75-993b4399c675,310,0.0064804805,Normal
c6ba2cd2-58a0-44f4-9b75-993b4399c675,311,0.0063879127,Normal
c6ba2cd2-58a0-44f4-9b75-993b4399c675,312,0.0062937634,Normal
c6ba2cd2-58a0-44f4-9b75-993b4399c675,313,0.006216488,Normal
c6ba2cd2-58a0-44f4-9b75-993b4399c675,314,0.006145577,Normal
c6ba2cd2-58a0-44f4-9b75-993b4399c675,315,0.006028566,Normal
c6ba2cd2-58a0-44f4-9b75-993b4399c675,316,0.0059616053,Normal
c6ba2cd2-58a0-44f4-9b75-993b4399c675,317,0.005904305,Normal
c6ba2cd2-58a0-44f4-9b75-993b4399c675,318,0.005917575,Normal
c6ba2cd2-58a0-44f4-9b75-993b4399c675,319,0.0059312447,Normal
c6ba2cd2-58a0-44f4-9b75-993b4399c675,320,0.0058800317,Normal
c6ba2cd2-58a0-44f4-9b75-993b4399c675,321,0.0059304894,Normal
c6ba2cd2-58a0-44f4-9b75-993b4399c675,322,0.0032789235,Normal
c6ba2cd2-58a0-44f4-9b75-993b4399c675,323,0.008240639,Normal
c6ba2cd2-58a0-44f4-9b75-993b4399c675,324,0.008256612,Normal
c6ba2cd2-58a0-44f4-9b75-993b4399c675,325,0.008286071,Normal
c6ba2cd2-58a0-44f4-9b75-993b4399c675,326,0.008333726,Normal
c6ba2cd2-58a0-44f4-9b75-993b4399c675,327,0.008331822,Normal
c6ba2cd2-58a0-44f4-9b75-993b4399c675,328,0.008255355,Normal
c6ba2cd2-58a0-44f4-9b75-993b4399c675,329,0.008260377,Normal
c6ba2cd2-58a0-44f4-9b75-993b4399c675,330,0.008262252,Normal
c6ba2cd2-58a0-44f4-9b75-993b4399c675,331,0.008268587,Normal
c6ba2cd2-58a0-44f4-9b75-993b4399c675,332,0.0082638655,Normal
c6ba2cd2-58a0-44f4-9b75-993b4399c675,333,0.008306697,Normal
c6ba2cd2-58a0-44f4-9b75-993b4399c675,334,0.008343393,Normal
c6ba2cd2-58a0-44f4-9b75-993b4399c675,335,0.0083201155,Normal
c6ba2cd2-58a0-44f4-9b75-993b4399c675,336,0.008286205,Normal
c6ba2cd2-58a0-44f4-9b75-993b4399c675,337,0.008349963,Normal
c6ba2cd2-58a0-44f4-9b75-993b4399c675,338,0.008354954,Normal
c6ba2cd2-58a0-44f4-9b75-993b4399c675,339,0.0084090065,Normal
c6ba2cd2-58a0-44f4-9b75-993b4399c675,340,0.008432814,Normal
c6ba2cd2-58a0-44f4-9b75-993b4399c675,341,0.008509572,Normal
c6ba2cd2-58a0-44f4-9b75-993b4399c675,342,0.008465324,Normal
c6ba2cd2-58a0-44f4-9b75-993b4399c675,343,0.008510819,Normal
c6ba2cd2-58a0-44f4-9b75-993b4399c675,344,0.0084821675,Normal
c6ba2cd2-58a0-44f4-9b75-993b4399c675,345,0.008528241,Normal
c6ba2cd2-58a0-44f4-9b75-993b4399c675,346,0.008492316,Normal
c6ba2cd2-58a0-44f4-9b75-993b4399c675,347,0.008469608,Normal
c6ba2cd2-58a0-44f4-9b75-993b4399c675,348,0.008504172,Normal
c6ba2cd2-58a0-44f4-9b75-993b4399c675,349,0.008565944,Normal
c6ba2cd2-58a0-44f4-9b75-993b4399c675,350,0.008616742,Normal
c6ba2cd2-58a0-44f4-9b75-993b4399c675,351,0.008617204,Normal
c6ba2cd2-58a0-44f4-9b75-993b4399c675,352,0.008587797,Normal
c6ba2cd2-58a0-44f4-9b75-993b4399c675,353,0.00856467,Normal
c6ba2cd2-58a0-44f4-9b75-993b4399c675,354,0.008482083,Normal
c6ba2cd2-58a0-44f4-9b75-993b4399c675,355,0.008360986,Normal
c6ba2cd2-58a0-44f4-9b75-993b4399c675,356,0.008363299,Normal
c6ba2cd2-58a0-44f4-9b75-993b4399c675,357,0.008325594,Normal
c6ba2cd2-58a0-44f4-9b75-993b4399c675,358,0.008296749,Normal
c6ba2cd2-58a0-44f4-9b75-993b4399c675,359,0.008291363,Normal
c6ba2cd2-58a0-44f4-9b75-993b4399c675,360,0.00825851,Normal
c6ba2cd2-58a0-44f4-9b75-993b4399c675,361,0.008210103,Normal
c6ba2cd2-58a0-44f4-9b75-993b4399c675,362,0.008144673,Normal
c6ba2cd2-58a0-44f4-9b75-993b4399c675,363,0.008175461,Normal
c6ba2cd2-58a0-44f4-9b75-993b4399c675,364,0.008264497,Normal
c6ba2cd2-58a0-44f4-9b75-993b4399c675,365,0.00828894,Normal
c6ba2cd2-58a0-44f4-9b75-993b4399c675,366,0.0082165655,Normal
c6ba2cd2-58a0-44f4-9b75-993b4399c675,367,0.008192317,Normal
c6ba2cd2-58a0-44f4-9b75-993b4399c675,368,0.00819965,Normal
c6ba2cd2-58a0-44f4-9b75-993b4399c675,369,0.008186947,Normal
c6ba2cd2-58a0-44f4-9b75-993b4399c675,370,0.008181999,Normal
c6ba2cd2-58a0-44f4-9b75-993b4399c675,371,0.008212485,Normal
c6ba2cd2-58a0-44f4-9b75-993b4399c675,372,0.0082187895,Normal
c6ba2cd2-58a0-44f4-9b75-993b4399c675,373,0.008182913,Normal
c6ba2cd2-58a0-44f4-9b75-993b4399c675,374,0.008245572,Normal
c6ba2cd2-58a0-44f4-9b75-993b4399c675,375,0.008184333,Normal
c6ba2cd2-58a0-44f4-9b75-993b4399c675,376,0.008204669,Normal
c6ba2cd2-58a0-44f4-9b75-993b4399c675,377,0.008240076,Normal
c6ba2cd2-58a0-44f4-9b75-993b4399c675,378,0.0082248105,Normal
c6ba2cd2-58a0-44f4-9b75-993b4399c675,379,0.008225936,Normal
c6ba2cd2-58a0-44f4-9b75-993b4399c675,380,0.008196136,Normal
c6ba2cd2-58a0-44f4-9b75-993b4399c675,381,0.00819446,Normal
c6ba2cd2-58a0-44f4-9b75-993b4399c675,382,0.008037325,Normal
c6ba2cd2-58a0-44f4-9b75-993b4399c675,383,0.008065762,Normal
c6ba2cd2-58a0-44f4-9b75-993b4399c675,384,0.008126432,Normal
c6ba2cd2-58a0-44f4-9b75-993b4399c675,385,0.00804085,Normal
c6ba2cd2-58a0-44f4-9b75-993b4399c675,386,0.008074175,Normal
c6ba2cd2-58a0-44f4-9b75-993b4399c675,387,0.008129381,Normal
c6ba2cd2-58a0-44f4-9b75-993b4399c675,388,0.008145206,Normal
c6ba2cd2-58a0-44f4-9b75-993b4399c675,389,0.008155301,Normal
c6ba2cd2-58a0-44f4-9b75-993b4399c675,390,0.008196511,Normal
c6ba2cd2-58a0-44f4-9b75-993b4399c675,391,0.008173589,Normal
c6ba2cd2-58a0-44f4-9b75-993b4399c675,392,0.008193288,Normal
c6ba2cd2-58a0-44f4-9b75-993b4399c675,393,0.008183351,Normal
c6ba2cd2-58a0-44f4-9b75-993b4399c675,394,0.008222547,Normal
c6ba2cd2-58a0-44f4-9b75-993b4399c675,395,0.008190251,Normal
c6ba2cd2-58a0-44f4-9b75-993b4399c675,396,0.008090587,Normal
c6ba2cd2-58a0-44f4-9b75-993b4399c675,397,0.008086412,Normal
c6ba2cd2-58a0-44f4-9b75-993b4399c675,398,0.008183062,Normal
c6ba2cd2-58a0-44f4-9b75-993b4399c675,399,0.008186113,Normal
c6ba2cd2-58a0-44f4-9b75-993b4399c675,400,0.008177016,Normal
c6ba2cd2-58a0-44f4-9b75-993b4399c675,401,0.008206181,Normal
c6ba2cd2-58a0-44f4-9b75-993b4399c675,402,0.008165151,Normal
c6ba2cd2-58a0-44f4-9b75-993b4399c675,403,0.008151995,Normal
c6ba2cd2-58a0-44f4-9b75-993b4399c675,404,0.008134862,Normal
c6ba2cd2-58a0-44f4-9b75-993b4399c675,405,0.008119477,Normal
c6ba2cd2-58a0-44f4-9b75-993b4399c675,406,0.0081209745,Normal
c6ba2cd2-58a0-44f4-9b75-993b4399c675,407,0.00819673,Normal
c6ba2cd2-58a0-44f4-9b75-993b4399c675,408,0.008241038,Normal
c6ba2cd2-58a0-44f4-9b75-993b4399c675,409,0.008164016,Normal
c6ba2cd2-58a0-44f4-9b75-993b4399c675,410,0.008111678,Normal
c6ba2cd2-58a0-44f4-9b75-993b4399c675,411,0.008138195,Normal
c6ba2cd2-58a0-44f4-9b75-993b4399c675,412,0.008188384,Normal
c6ba2cd2-58a0-44f4-9b75-993b4399c675,413,0.0082020275,Normal
c6ba2cd2-58a0-44f4-9b75-993b4399c675,414,0.008212054,Normal
c6ba2cd2-58a0-44f4-9b75-993b4399c675,415,0.008228155,Normal
c6ba2cd2-58a0-44f4-9b75-993b4399c675,416,0.008235511,Normal
c6ba2cd2-58a0-44f4-9b75-993b4399c675,417,0.0081623085,Normal
c6ba2cd2-58a0-44f4-9b75-993b4399c675,418,0.00816093,Normal
c6ba2cd2-58a0-44f4-9b75-993b4399c675,419,0.008042228,Normal
c6ba2cd2-58a0-44f4-9b75-993b4399c675,420,0.008057573,Normal
c6ba2cd2-58a0-44f4-9b75-993b4399c675,421,0.008078583,Normal
c6ba2cd2-58a0-44f4-9b75-993b4399c675,422,0.008078269,Normal
c6ba2cd2-58a0-44f4-9b75-993b4399c675,423,0.007985244,Normal
c6ba2cd2-58a0-44f4-9b75-993b4399c675,424,0.00797338,Normal
c6ba2cd2-58a0-44f4-9b75-993b4399c675,425,0.008020387,Normal
c6ba2cd2-58a0-44f4-9b75-993b4399c675,426,0.007935286,Normal
c6ba2cd2-58a0-44f4-9b75-993b4399c675,427,0.007930294,Normal
c6ba2cd2-58a0-44f4-9b75-993b4399c675,428,0.007905663,Normal
c6ba2cd2-58a0-44f4-9b75-993b4399c675,429,0.008055561,Normal
c6ba2cd2-58a0-44f4-9b75-993b4399c675,430,0.008006666,Normal
c6ba2cd2-58a0-44f4-9b75-993b4399c675,431,0.007963491,Normal
c6ba2cd2-58a0-44f4-9b75-993b4399c675,432,0.007943008,Normal
c6ba2cd2-58a0-44f4-9b75-993b4399c675,433,0.008001156,Normal
c6ba2cd2-58a0-44f4-9b75-993b4399c675,434,0.007939491,Normal
c6ba2cd2-58a0-44f4-9b75-993b4399c675,435,0.007890828,Normal
c6ba2cd2-58a0-44f4-9b75-993b4399c675,436,0.007846598,Normal
c6ba2cd2-58a0-44f4-9b75-993b4399c675,437,0.007925421,Normal
c6ba2cd2-58a0-44f4-9b75-993b4399c675,438,0.007899227,Normal
c6ba2cd2-58a0-44f4-9b75-993b4399c675,439,0.00789772,Normal
c6ba2cd2-58a0-44f4-9b75-993b4399c675,440,0.007912839,Normal
c6ba2cd2-58a0-44f4-9b75-993b4399c675,441,0.007822522,Normal
c6ba2cd2-58a0-44f4-9b75-993b4399c675,442,0.007817863,Normal
c6ba2cd2-58a0-44f4-9b75-993b4399c675,443,0.0077639795,Normal
c6ba2cd2-58a0-44f4-9b75-993b4399c675,444,0.0077485344,Normal
c6ba2cd2-58a0-44f4-9b75-993b4399c675,445,0.0076588225,Normal
c6ba2cd2-58a0-44f4-9b75-993b4399c675,446,0.007686992,Normal
c6ba2cd2-58a0-44f4-9b75-993b4399c675,447,0.007649241,Normal
c6ba2cd2-58a0-44f4-9b75-993b4399c675,448,0.00766169,Normal
c6ba2cd2-58a0-44f4-9b75-993b4399c675,449,0.0077579007,Normal
c6ba2cd2-58a0-44f4-9b75-993b4399c675,450,0.0077207494,Normal
c6ba2cd2-58a0-44f4-9b75-993b4399c675,451,0.0077813505,Normal
c6ba2cd2-58a0-44f4-9b75-993b4399c675,452,0.007784247,Normal
c6ba2cd2-58a0-44f4-9b75-993b4399c675,453,0.007888375,Normal
c6ba2cd2-58a0-44f4-9b75-993b4399c675,454,0.008028479,Normal
c6ba2cd2-58a0-44f4-9b75-993b4399c675,455,0.008004388,Normal
c6ba2cd2-58a0-44f4-9b75-993b4399c675,456,0.007981496,Normal
c6ba2cd2-58a0-44f4-9b75-993b4399c675,457,0.008036718,Normal
c6ba2cd2-58a0-44f4-9b75-993b4399c675,458,0.0080250455,Normal
c6ba2cd2-58a0-44f4-9b75-993b4399c675,459,0.008056196,Normal
c6ba2cd2-58a0-44f4-9b75-993b4399c675,460,0.008013012,Normal
c6ba2cd2-58a0-44f4-9b75-993b4399c675,461,0.008015383,Normal
c6ba2cd2-58a0-44f4-9b75-993b4399c675,462,0.008028428,Normal
c6ba2cd2-58a0-44f4-9b75-993b4399c675,463,0.008007375,Normal
c6ba2cd2-58a0-44f4-9b75-993b4399c675,464,0.008034629,Normal
c6ba2cd2-58a0-44f4-9b75-993b4399c675,465,0.007997868,Normal
c6ba2cd2-58a0-44f4-9b75-993b4399c675,466,0.008032131,Normal
c6ba2cd2-58a0-44f4-9b75-993b4399c675,467,0.008033529,Normal
c6ba2cd2-58a0-44f4-9b75-993b4399c675,468,0.008017089,Normal
c6ba2cd2-58a0-44f4-9b75-993b4399c675,469,0.008086371,Normal
c6ba2cd2-58a0-44f4-9b75-993b4399c675,470,0.008112049,Normal
c6ba2cd2-58a0-44f4-9b75-993b4399c675,471,0.0080613615,Normal
c6ba2cd2-58a0-44f4-9b75-993b4399c675,472,0.008070113,Normal
c6ba2cd2-58a0-44f4-9b75-993b4399c675,473,0.008083187,Normal
c6ba2cd2-58a0-44f4-9b75-993b4399c675,474,0.008112682,Normal
c6ba2cd2-58a0-44f4-9b75-993b4399c675,475,0.008065646,Normal
c6ba2cd2-58a0-44f4-9b75-993b4399c675,476,0.008055264,Normal
c6ba2cd2-58a0-44f4-9b75-993b4399c675,477,0.008052636,Normal
c6ba2cd2-58a0-44f4-9b75-993b4399c675,478,0.008024082,Normal
c6ba2cd2-58a0-44f4-9b75-993b4399c675,479,0.008031102,Normal
c6ba2cd2-58a0-44f4-9b75-993b4399c675,480,0.0079960935,Normal
c6ba2cd2-58a0-44f4-9b75-993b4399c675,481,0.007948535,Normal
c6ba2cd2-58a0-44f4-9b75-993b4399c675,482,0.007918308,Normal
c6ba2cd2-58a0-44f4-9b75-993b4399c675,483,0.007872284,Normal
c6ba2cd2-58a0-44f4-9b75-993b4399c675,484,0.007839468,Normal
c6ba2cd2-58a0-44f4-9b75-993b4399c675,485,0.007818301,Normal
c6ba2cd2-58a0-44f4-9b75-993b4399c675,486,0.00293556,Normal
c6ba2cd2-58a0-44f4-9b75-993b4399c675,487,0.00542775,Normal
c6ba2cd2-58a0-44f4-9b75-993b4399c675,488,0.0055663586,Normal
c6ba2cd2-58a0-44f4-9b75-993b4399c675,489,0.005762895,Normal
c6ba2cd2-58a0-44f4-9b75-993b4399c675,490,0.0057373145,Normal
c6ba2cd2-58a0-44f4-9b75-993b4399c675,491,0.0056607556,Normal
c6ba2cd2-58a0-44f4-9b75-993b4399c675,492,0.00569964,Normal
c6ba2cd2-58a0-44f4-9b75-993b4399c675,493,0.005668101,Normal
c6ba2cd2-58a0-44f4-9b75-993b4399c675,494,0.0056465203,Normal
c6ba2cd2-58a0-44f4-9b75-993b4399c675,495,0.0058057522,Normal
c6ba2cd2-58a0-44f4-9b75-993b4399c675,496,0.0058863694,Normal
c6ba2cd2-58a0-44f4-9b75-993b4399c675,497,0.00583764,Normal
c6ba2cd2-58a0-44f4-9b75-993b4399c675,498,0.0059554493,Normal
c6ba2cd2-58a0-44f4-9b75-993b4399c675,499,0.0057692886,Normal
c6ba2cd2-58a0-44f4-9b75-993b4399c675,500,0.005574584,Normal
c6ba2cd2-58a0-44f4-9b75-993b4399c675,501,0.00554638,Normal
c6ba2cd2-58a0-44f4-9b75-993b4399c675,502,0.0054045278,Normal
c6ba2cd2-58a0-44f4-9b75-993b4399c675,503,0.005381185,Normal
c6ba2cd2-58a0-44f4-9b75-993b4399c675,504,0.0053608343,Normal
c6ba2cd2-58a0-44f4-9b75-993b4399c675,505,0.00519457,Normal
c6ba2cd2-58a0-44f4-9b75-993b4399c675,506,0.0050633056,Normal
c6ba2cd2-58a0-44f4-9b75-993b4399c675,507,0.005179846,Normal
c6ba2cd2-58a0-44f4-9b75-993b4399c675,508,0.005492248,Normal
c6ba2cd2-58a0-44f4-9b75-993b4399c675,509,0.005608793,Normal
c6ba2cd2-58a0-44f4-9b75-993b4399c675,510,0.005283882,Normal
c6ba2cd2-58a0-44f4-9b75-993b4399c675,511,0.0055423137,Normal
c6ba2cd2-58a0-44f4-9b75-993b4399c675,512,0.0054762196,Normal
c6ba2cd2-58a0-44f4-9b75-993b4399c675,513,0.005452224,Normal
c6ba2cd2-58a0-44f4-9b75-993b4399c675,514,0.005425885,Normal
c6ba2cd2-58a0-44f4-9b75-993b4399c675,515,0.0052364455,Normal
c6ba2cd2-58a0-44f4-9b75-993b4399c675,516,0.0051145414,Normal
c6ba2cd2-58a0-44f4-9b75-993b4399c675,517,0.005439787,Normal
c6ba2cd2-58a0-44f4-9b75-993b4399c675,518,0.00582436,Normal
c6ba2cd2-58a0-44f4-9b75-993b4399c675,519,0.005617209,Normal
c6ba2cd2-58a0-44f4-9b75-993b4399c675,520,0.005935669,Normal
c6ba2cd2-58a0-44f4-9b75-993b4399c675,521,0.0058424026,Normal
c6ba2cd2-58a0-44f4-9b75-993b4399c675,522,0.0059191026,Normal
c6ba2cd2-58a0-44f4-9b75-993b4399c675,523,0.006016074,Normal
c6ba2cd2-58a0-44f4-9b75-993b4399c675,524,0.005851797,Normal
c6ba2cd2-58a0-44f4-9b75-993b4399c675,525,0.0061320662,Normal
c6ba2cd2-58a0-44f4-9b75-993b4399c675,526,0.0026413293,Normal
c6ba2cd2-58a0-44f4-9b75-993b4399c675,527,0.0058715567,Normal
c6ba2cd2-58a0-44f4-9b75-993b4399c675,528,0.005879186,Normal
c6ba2cd2-58a0-44f4-9b75-993b4399c675,529,0.005892095,Normal
c6ba2cd2-58a0-44f4-9b75-993b4399c675,530,0.005887157,Normal
c6ba2cd2-58a0-44f4-9b75-993b4399c675,531,0.005895539,Normal
c6ba2cd2-58a0-44f4-9b75-993b4399c675,532,0.0058902055,Normal
c6ba2cd2-58a0-44f4-9b75-993b4399c675,533,0.005883623,Normal
c6ba2cd2-58a0-44f4-9b75-993b4399c675,534,0.005872614,Normal
c6ba2cd2-58a0-44f4-9b75-993b4399c675,535,0.005880188,Normal
c6ba2cd2-58a0-44f4-9b75-993b4399c675,536,0.0058828862,Normal
c6ba2cd2-58a0-44f4-9b75-993b4399c675,537,0.005879908,Normal
c6ba2cd2-58a0-44f4-9b75-993b4399c675,538,0.0058702677,Normal
c6ba2cd2-58a0-44f4-9b75-993b4399c675,539,0.005897142,Normal
c6ba2cd2-58a0-44f4-9b75-993b4399c675,540,0.005880649,Normal
c6ba2cd2-58a0-44f4-9b75-993b4399c675,541,0.005877826,Normal
c6ba2cd2-58a0-44f4-9b75-993b4399c675,542,0.005896708,Normal
c6ba2cd2-58a0-44f4-9b75-993b4399c675,543,0.005914603,Normal
c6ba2cd2-58a0-44f4-9b75-993b4399c675,544,0.005944635,Normal
c6ba2cd2-58a0-44f4-9b75-993b4399c675,545,0.005952059,Normal
c6ba2cd2-58a0-44f4-9b75-993b4399c675,546,0.005936429,Normal
c6ba2cd2-58a0-44f4-9b75-993b4399c675,547,0.00594955,Normal
c6ba2cd2-58a0-44f4-9b75-993b4399c675,548,0.005931846,Normal
c6ba2cd2-58a0-44f4-9b75-993b4399c675,549,0.005932622,Normal
c6ba2cd2-58a0-44f4-9b75-993b4399c675,550,0.005923692,Normal
c6ba2cd2-58a0-44f4-9b75-993b4399c675,551,0.0059617073,Normal
c6ba2cd2-58a0-44f4-9b75-993b4399c675,552,0.0059528863,Normal
c6ba2cd2-58a0-44f4-9b75-993b4399c675,553,0.0059493817,Normal
c6ba2cd2-58a0-44f4-9b75-993b4399c675,554,0.0059451996,Normal
c6ba2cd2-58a0-44f4-9b75-993b4399c675,555,0.0059472146,Normal
c6ba2cd2-58a0-44f4-9b75-993b4399c675,556,0.00592174,Normal
c6ba2cd2-58a0-44f4-9b75-993b4399c675,557,0.0059207883,Normal
c6ba2cd2-58a0-44f4-9b75-993b4399c675,558,0.0059147812,Normal
c6ba2cd2-58a0-44f4-9b75-993b4399c675,559,0.0059068,Normal
c6ba2cd2-58a0-44f4-9b75-993b4399c675,560,0.0058904486,Normal
c6ba2cd2-58a0-44f4-9b75-993b4399c675,561,0.005880302,Normal
c6ba2cd2-58a0-44f4-9b75-993b4399c675,562,0.0058821794,Normal
c6ba2cd2-58a0-44f4-9b75-993b4399c675,563,0.005857427,Normal
c6ba2cd2-58a0-44f4-9b75-993b4399c675,564,0.005866032,Normal
c6ba2cd2-58a0-44f4-9b75-993b4399c675,565,0.0058744447,Normal
c6ba2cd2-58a0-44f4-9b75-993b4399c675,566,0.0058814376,Normal
c6ba2cd2-58a0-44f4-9b75-993b4399c675,567,0.0058621964,Normal
c6ba2cd2-58a0-44f4-9b75-993b4399c675,568,0.0058607263,Normal
c6ba2cd2-58a0-44f4-9b75-993b4399c675,569,0.0058505973,Normal
c6ba2cd2-58a0-44f4-9b75-993b4399c675,570,0.0058652135,Normal
c6ba2cd2-58a0-44f4-9b75-993b4399c675,571,0.005878868,Normal
c6ba2cd2-58a0-44f4-9b75-993b4399c675,572,0.00587629,Normal
c6ba2cd2-58a0-44f4-9b75-993b4399c675,573,0.0058683194,Normal
c6ba2cd2-58a0-44f4-9b75-993b4399c675,574,0.00589327,Normal
c6ba2cd2-58a0-44f4-9b75-993b4399c675,575,0.0058895783,Normal
c6ba2cd2-58a0-44f4-9b75-993b4399c675,576,0.0058877445,Normal
c6ba2cd2-58a0-44f4-9b75-993b4399c675,577,0.0058994563,Normal
c6ba2cd2-58a0-44f4-9b75-993b4399c675,578,0.005867647,Normal
c6ba2cd2-58a0-44f4-9b75-993b4399c675,579,0.005874764,Normal
c6ba2cd2-58a0-44f4-9b75-993b4399c675,580,0.0058794906,Normal
c6ba2cd2-58a0-44f4-9b75-993b4399c675,581,0.005876425,Normal
c6ba2cd2-58a0-44f4-9b75-993b4399c675,582,0.0058845542,Normal
c6ba2cd2-58a0-44f4-9b75-993b4399c675,583,0.0058842753,Normal
c6ba2cd2-58a0-44f4-9b75-993b4399c675,584,0.0058483575,Normal
c6ba2cd2-58a0-44f4-9b75-993b4399c675,585,0.0058446852,Normal
c6ba2cd2-58a0-44f4-9b75-993b4399c675,586,0.0058521046,Normal
c6ba2cd2-58a0-44f4-9b75-993b4399c675,587,0.0058327178,Normal
c6ba2cd2-58a0-44f4-9b75-993b4399c675,588,0.0058675986,Normal
c6ba2cd2-58a0-44f4-9b75-993b4399c675,589,0.0059345677,Normal
c6ba2cd2-58a0-44f4-9b75-993b4399c675,590,0.0059244214,Normal
c6ba2cd2-58a0-44f4-9b75-993b4399c675,591,0.005951475,Normal
c6ba2cd2-58a0-44f4-9b75-993b4399c675,592,0.005961688,Normal
c6ba2cd2-58a0-44f4-9b75-993b4399c675,593,0.0059237797,Normal
c6ba2cd2-58a0-44f4-9b75-993b4399c675,594,0.0058906507,Normal
c6ba2cd2-58a0-44f4-9b75-993b4399c675,595,0.005879823,Normal
c6ba2cd2-58a0-44f4-9b75-993b4399c675,596,0.0058736014,Normal
c6ba2cd2-58a0-44f4-9b75-993b4399c675,597,0.0059167254,Normal
c6ba2cd2-58a0-44f4-9b75-993b4399c675,598,0.0059251064,Normal
c6ba2cd2-58a0-44f4-9b75-993b4399c675,599,0.005942202,Normal
c6ba2cd2-58a0-44f4-9b75-993b4399c675,600,0.0059184683,Normal
c6ba2cd2-58a0-44f4-9b75-993b4399c675,601,0.0059353774,Normal
c6ba2cd2-58a0-44f4-9b75-993b4399c675,602,0.005930463,Normal
c6ba2cd2-58a0-44f4-9b75-993b4399c675,603,0.0059312517,Normal
c6ba2cd2-58a0-44f4-9b75-993b4399c675,604,0.0059091365,Normal
c6ba2cd2-58a0-44f4-9b75-993b4399c675,605,0.0059060175,Normal
c6ba2cd2-58a0-44f4-9b75-993b4399c675,606,0.00591922,Normal
c6ba2cd2-58a0-44f4-9b75-993b4399c675,607,0.005894337,Normal
c6ba2cd2-58a0-44f4-9b75-993b4399c675,608,0.0058944384,Normal
c6ba2cd2-58a0-44f4-9b75-993b4399c675,609,0.0059092557,Normal
c6ba2cd2-58a0-44f4-9b75-993b4399c675,610,0.005889606,Normal
c6ba2cd2-58a0-44f4-9b75-993b4399c675,611,0.005913631,Normal
c6ba2cd2-58a0-44f4-9b75-993b4399c675,612,0.0058884406,Normal
c6ba2cd2-58a0-44f4-9b75-993b4399c675,613,0.005881479,Normal
c6ba2cd2-58a0-44f4-9b75-993b4399c675,614,0.0058935294,Normal
c6ba2cd2-58a0-44f4-9b75-993b4399c675,615,0.005896955,Normal
c6ba2cd2-58a0-44f4-9b75-993b4399c675,616,0.005909523,Normal
c6ba2cd2-58a0-44f4-9b75-993b4399c675,617,0.0058954833,Normal
c6ba2cd2-58a0-44f4-9b75-993b4399c675,618,0.0058880793,Normal
c6ba2cd2-58a0-44f4-9b75-993b4399c675,619,0.005890259,Normal
c6ba2cd2-58a0-44f4-9b75-993b4399c675,620,0.0058845254,Normal
c6ba2cd2-58a0-44f4-9b75-993b4399c675,621,0.0058758,Normal
c6ba2cd2-58a0-44f4-9b75-993b4399c675,622,0.005894387,Normal
c6ba2cd2-58a0-44f4-9b75-993b4399c675,623,0.0059145926,Normal
c6ba2cd2-58a0-44f4-9b75-993b4399c675,624,0.0059211836,Normal
c6ba2cd2-58a0-44f4-9b75-993b4399c675,625,0.005940242,Normal
c6ba2cd2-58a0-44f4-9b75-993b4399c675,626,0.0059260456,Normal
c6ba2cd2-58a0-44f4-9b75-993b4399c675,627,0.0059231445,Normal
c6ba2cd2-58a0-44f4-9b75-993b4399c675,628,0.005909152,Normal
c6ba2cd2-58a0-44f4-9b75-993b4399c675,629,0.005907003,Normal
c6ba2cd2-58a0-44f4-9b75-993b4399c675,630,0.0059108054,Normal
c6ba2cd2-58a0-44f4-9b75-993b4399c675,631,0.005902143,Normal
c6ba2cd2-58a0-44f4-9b75-993b4399c675,632,0.0058983336,Normal
c6ba2cd2-58a0-44f4-9b75-993b4399c675,633,0.005891637,Normal
c6ba2cd2-58a0-44f4-9b75-993b4399c675,634,0.0058929687,Normal
c6ba2cd2-58a0-44f4-9b75-993b4399c675,635,0.0058988505,Normal
c6ba2cd2-58a0-44f4-9b75-993b4399c675,636,0.0058918353,Normal
c6ba2cd2-58a0-44f4-9b75-993b4399c675,637,0.0058903107,Normal
c6ba2cd2-58a0-44f4-9b75-993b4399c675,638,0.0058949585,Normal
c6ba2cd2-58a0-44f4-9b75-993b4399c675,639,0.005896693,Normal
c6ba2cd2-58a0-44f4-9b75-993b4399c675,640,0.0058959313,Normal
c6ba2cd2-58a0-44f4-9b75-993b4399c675,641,0.005912551,Normal
c6ba2cd2-58a0-44f4-9b75-993b4399c675,642,0.0059103854,Normal
c6ba2cd2-58a0-44f4-9b75-993b4399c675,643,0.005922751,Normal
c6ba2cd2-58a0-44f4-9b75-993b4399c675,644,0.0059380988,Normal
c6ba2cd2-58a0-44f4-9b75-993b4399c675,645,0.0059368457,Normal
c6ba2cd2-58a0-44f4-9b75-993b4399c675,646,0.005934596,Normal
c6ba2cd2-58a0-44f4-9b75-993b4399c675,647,0.005942336,Normal
c6ba2cd2-58a0-44f4-9b75-993b4399c675,648,0.0059338636,Normal
c6ba2cd2-58a0-44f4-9b75-993b4399c675,649,0.0059339493,Normal
c6ba2cd2-58a0-44f4-9b75-993b4399c675,650,0.0059272805,Normal
c6ba2cd2-58a0-44f4-9b75-993b4399c675,651,0.005926706,Normal
c6ba2cd2-58a0-44f4-9b75-993b4399c675,652,0.0059194816,Normal
c6ba2cd2-58a0-44f4-9b75-993b4399c675,653,0.0059177973,Normal
c6ba2cd2-58a0-44f4-9b75-993b4399c675,654,0.0059328703,Normal
c6ba2cd2-58a0-44f4-9b75-993b4399c675,655,0.0059053693,Normal
c6ba2cd2-58a0-44f4-9b75-993b4399c675,656,0.005928463,Normal
c6ba2cd2-58a0-44f4-9b75-993b4399c675,657,0.005930842,Normal
c6ba2cd2-58a0-44f4-9b75-993b4399c675,658,0.005945362,Normal
c6ba2cd2-58a0-44f4-9b75-993b4399c675,659,0.005945805,Normal
c6ba2cd2-58a0-44f4-9b75-993b4399c675,660,0.0059182053,Normal
c6ba2cd2-58a0-44f4-9b75-993b4399c675,661,0.0059257,Normal
c6ba2cd2-58a0-44f4-9b75-993b4399c675,662,0.0059575727,Normal
c6ba2cd2-58a0-44f4-9b75-993b4399c675,663,0.005968162,Normal
c6ba2cd2-58a0-44f4-9b75-993b4399c675,664,0.0059797876,Normal
c6ba2cd2-58a0-44f4-9b75-993b4399c675,665,0.0059741465,Normal
c6ba2cd2-58a0-44f4-9b75-993b4399c675,666,0.0060005123,Normal
c6ba2cd2-58a0-44f4-9b75-993b4399c675,667,0.0060090832,Normal
c6ba2cd2-58a0-44f4-9b75-993b4399c675,668,0.0059849983,Normal
c6ba2cd2-58a0-44f4-9b75-993b4399c675,669,0.0060191844,Normal
c6ba2cd2-58a0-44f4-9b75-993b4399c675,670,0.0060472237,Normal
c6ba2cd2-58a0-44f4-9b75-993b4399c675,671,0.006034079,Normal
c6ba2cd2-58a0-44f4-9b75-993b4399c675,672,0.006048399,Normal
c6ba2cd2-58a0-44f4-9b75-993b4399c675,673,0.006035351,Normal
c6ba2cd2-58a0-44f4-9b75-993b4399c675,674,0.0060475823,Normal
c6ba2cd2-58a0-44f4-9b75-993b4399c675,675,0.0060696593,Normal
c6ba2cd2-58a0-44f4-9b75-993b4399c675,676,0.0060619703,Normal
c6ba2cd2-58a0-44f4-9b75-993b4399c675,677,0.006063359,Normal
c6ba2cd2-58a0-44f4-9b75-993b4399c675,678,0.006089852,Normal
c6ba2cd2-58a0-44f4-9b75-993b4399c675,679,0.0060914652,Normal
c6ba2cd2-58a0-44f4-9b75-993b4399c675,680,0.0061002946,Normal
c6ba2cd2-58a0-44f4-9b75-993b4399c675,681,0.006099634,Normal
c6ba2cd2-58a0-44f4-9b75-993b4399c675,682,0.0060934946,Normal
c6ba2cd2-58a0-44f4-9b75-993b4399c675,683,0.006100233,Normal
c6ba2cd2-58a0-44f4-9b75-993b4399c675,684,0.0060973093,Normal
c6ba2cd2-58a0-44f4-9b75-993b4399c675,685,0.0060931947,Normal
c6ba2cd2-58a0-44f4-9b75-993b4399c675,686,0.006103807,Normal
c6ba2cd2-58a0-44f4-9b75-993b4399c675,687,0.006093122,Normal
c6ba2cd2-58a0-44f4-9b75-993b4399c675,688,0.0060921824,Normal
c6ba2cd2-58a0-44f4-9b75-993b4399c675,689,0.0061143683,Normal
c6ba2cd2-58a0-44f4-9b75-993b4399c675,690,0.0061117415,Normal
c6ba2cd2-58a0-44f4-9b75-993b4399c675,691,0.006111017,Normal
c6ba2cd2-58a0-44f4-9b75-993b4399c675,692,0.0061082575,Normal
c6ba2cd2-58a0-44f4-9b75-993b4399c675,693,0.0061125206,Normal
c6ba2cd2-58a0-44f4-9b75-993b4399c675,694,0.0061190887,Normal
c6ba2cd2-58a0-44f4-9b75-993b4399c675,695,0.0061153676,Normal
c6ba2cd2-58a0-44f4-9b75-993b4399c675,696,0.0061198017,Normal
c6ba2cd2-58a0-44f4-9b75-993b4399c675,697,0.006105828,Normal
c6ba2cd2-58a0-44f4-9b75-993b4399c675,698,0.006105594,Normal
c6ba2cd2-58a0-44f4-9b75-993b4399c675,699,0.006122402,Normal
c6ba2cd2-58a0-44f4-9b75-993b4399c675,700,0.0061075347,Normal
c6ba2cd2-58a0-44f4-9b75-993b4399c675,701,0.0061042197,Normal
c6ba2cd2-58a0-44f4-9b75-993b4399c675,702,0.0061179623,Normal
c6ba2cd2-58a0-44f4-9b75-993b4399c675,703,0.0061370907,Normal
c6ba2cd2-58a0-44f4-9b75-993b4399c675,704,0.0061893957,Normal
c6ba2cd2-58a0-44f4-9b75-993b4399c675,705,0.006192496,Normal
c6ba2cd2-58a0-44f4-9b75-993b4399c675,706,0.0062000602,Normal
c6ba2cd2-58a0-44f4-9b75-993b4399c675,707,0.0062205438,Normal
c6ba2cd2-58a0-44f4-9b75-993b4399c675,708,0.006210669,Normal
c6ba2cd2-58a0-44f4-9b75-993b4399c675,709,0.0062067816,Normal
c6ba2cd2-58a0-44f4-9b75-993b4399c675,710,0.00617411,Normal
c6ba2cd2-58a0-44f4-9b75-993b4399c675,711,0.0061668884,Normal
c6ba2cd2-58a0-44f4-9b75-993b4399c675,712,0.0061846357,Normal
c6ba2cd2-58a0-44f4-9b75-993b4399c675,713,0.006172965,Normal
c6ba2cd2-58a0-44f4-9b75-993b4399c675,714,0.006162692,Normal
c6ba2cd2-58a0-44f4-9b75-993b4399c675,715,0.0061837304,Normal
c6ba2cd2-58a0-44f4-9b75-993b4399c675,716,0.00616989,Normal
c6ba2cd2-58a0-44f4-9b75-993b4399c675,717,0.0061694183,Normal
c6ba2cd2-58a0-44f4-9b75-993b4399c675,718,0.0062092557,Normal
c6ba2cd2-58a0-44f4-9b75-993b4399c675,719,0.006236785,Normal
c6ba2cd2-58a0-44f4-9b75-993b4399c675,720,0.0062236683,Normal
c6ba2cd2-58a0-44f4-9b75-993b4399c675,721,0.006241953,Normal
c6ba2cd2-58a0-44f4-9b75-993b4399c675,722,0.006250522,Normal
c6ba2cd2-58a0-44f4-9b75-993b4399c675,723,0.006271773,Normal
c6ba2cd2-58a0-44f4-9b75-993b4399c675,724,0.0062717227,Normal
c6ba2cd2-58a0-44f4-9b75-993b4399c675,725,0.0062664403,Normal
c6ba2cd2-58a0-44f4-9b75-993b4399c675,726,0.006280635,Normal
c6ba2cd2-58a0-44f4-9b75-993b4399c675,727,0.0062793694,Normal
c6ba2cd2-58a0-44f4-9b75-993b4399c675,728,0.0062874635,Normal
c6ba2cd2-58a0-44f4-9b75-993b4399c675,729,0.0062903175,Normal
c6ba2cd2-58a0-44f4-9b75-993b4399c675,730,0.0062938845,Normal
c6ba2cd2-58a0-44f4-9b75-993b4399c675,731,0.006305642,Normal
c6ba2cd2-58a0-44f4-9b75-993b4399c675,732,0.00298277,Normal
c6ba2cd2-58a0-44f4-9b75-993b4399c675,733,0.0065696733,Normal
c6ba2cd2-58a0-44f4-9b75-993b4399c675,734,0.0065745194,Normal
c6ba2cd2-58a0-44f4-9b75-993b4399c675,735,0.0065745693,Normal
c6ba2cd2-58a0-44f4-9b75-993b4399c675,736,0.0066034747,Normal
c6ba2cd2-58a0-44f4-9b75-993b4399c675,737,0.0066281585,Normal
c6ba2cd2-58a0-44f4-9b75-993b4399c675,738,0.0066224243,Normal
c6ba2cd2-58a0-44f4-9b75-993b4399c675,739,0.0066181235,Normal
c6ba2cd2-58a0-44f4-9b75-993b4399c675,740,0.0066178823,Normal
c6ba2cd2-58a0-44f4-9b75-993b4399c675,741,0.006649165,Normal
c6ba2cd2-58a0-44f4-9b75-993b4399c675,742,0.006671772,Normal
c6ba2cd2-58a0-44f4-9b75-993b4399c675,743,0.006659003,Normal
c6ba2cd2-58a0-44f4-9b75-993b4399c675,744,0.0066477954,Normal
c6ba2cd2-58a0-44f4-9b75-993b4399c675,745,0.0066123186,Normal
c6ba2cd2-58a0-44f4-9b75-993b4399c675,746,0.0066204565,Normal
c6ba2cd2-58a0-44f4-9b75-993b4399c675,747,0.006621328,Normal
c6ba2cd2-58a0-44f4-9b75-993b4399c675,748,0.006629117,Normal
c6ba2cd2-58a0-44f4-9b75-993b4399c675,749,0.006649989,Normal
c6ba2cd2-58a0-44f4-9b75-993b4399c675,750,0.006577124,Normal
c6ba2cd2-58a0-44f4-9b75-993b4399c675,751,0.0066265594,Normal
c6ba2cd2-58a0-44f4-9b75-993b4399c675,752,0.006701477,Normal
c6ba2cd2-58a0-44f4-9b75-993b4399c675,753,0.006730983,Normal
c6ba2cd2-58a0-44f4-9b75-993b4399c675,754,0.006732013,Normal
c6ba2cd2-58a0-44f4-9b75-993b4399c675,755,0.0067093824,Normal
c6ba2cd2-58a0-44f4-9b75-993b4399c675,756,0.006650681,Normal
c6ba2cd2-58a0-44f4-9b75-993b4399c675,757,0.0066557615,Normal
c6ba2cd2-58a0-44f4-9b75-993b4399c675,758,0.0066644335,Normal
c6ba2cd2-58a0-44f4-9b75-993b4399c675,759,0.0066239615,Normal
c6ba2cd2-58a0-44f4-9b75-993b4399c675,760,0.006612346,Normal
c6ba2cd2-58a0-44f4-9b75-993b4399c675,761,0.0066690096,Normal
c6ba2cd2-58a0-44f4-9b75-993b4399c675,762,0.006554283,Normal
c6ba2cd2-58a0-44f4-9b75-993b4399c675,763,0.006556846,Normal
c6ba2cd2-58a0-44f4-9b75-993b4399c675,764,0.0065339506,Normal
c6ba2cd2-58a0-44f4-9b75-993b4399c675,765,0.006505252,Normal
c6ba2cd2-58a0-44f4-9b75-993b4399c675,766,0.0064914487,Normal
c6ba2cd2-58a0-44f4-9b75-993b4399c675,767,0.0064699617,Normal
c6ba2cd2-58a0-44f4-9b75-993b4399c675,768,0.006517187,Normal
c6ba2cd2-58a0-44f4-9b75-993b4399c675,769,0.006585247,Normal
c6ba2cd2-58a0-44f4-9b75-993b4399c675,770,0.006501372,Normal
c6ba2cd2-58a0-44f4-9b75-993b4399c675,771,0.0065413034,Normal
c6ba2cd2-58a0-44f4-9b75-993b4399c675,772,0.0065385844,Normal
c6ba2cd2-58a0-44f4-9b75-993b4399c675,773,0.0065552215,Normal
c6ba2cd2-58a0-44f4-9b75-993b4399c675,774,0.0065347953,Normal
c6ba2cd2-58a0-44f4-9b75-993b4399c675,775,0.0065169996,Normal
c6ba2cd2-58a0-44f4-9b75-993b4399c675,776,0.0065090004,Normal
c6ba2cd2-58a0-44f4-9b75-993b4399c675,777,0.0065642092,Normal
c6ba2cd2-58a0-44f4-9b75-993b4399c675,778,0.0065457793,Normal
c6ba2cd2-58a0-44f4-9b75-993b4399c675,779,0.0066078105,Normal
c6ba2cd2-58a0-44f4-9b75-993b4399c675,780,0.006583336,Normal
c6ba2cd2-58a0-44f4-9b75-993b4399c675,781,0.0064785657,Normal
c6ba2cd2-58a0-44f4-9b75-993b4399c675,782,0.0065538366,Normal
c6ba2cd2-58a0-44f4-9b75-993b4399c675,783,0.0066082506,Normal
c6ba2cd2-58a0-44f4-9b75-993b4399c675,784,0.0065335743,Normal
c6ba2cd2-58a0-44f4-9b75-993b4399c675,785,0.0064624846,Normal
c6ba2cd2-58a0-44f4-9b75-993b4399c675,786,0.006656757,Normal
c6ba2cd2-58a0-44f4-9b75-993b4399c675,787,0.006462025,Normal
c6ba2cd2-58a0-44f4-9b75-993b4399c675,788,0.0064392737,Normal
c6ba2cd2-58a0-44f4-9b75-993b4399c675,789,0.006485846,Normal
c6ba2cd2-58a0-44f4-9b75-993b4399c675,790,0.006419119,Normal
c6ba2cd2-58a0-44f4-9b75-993b4399c675,791,0.00639933,Normal
c6ba2cd2-58a0-44f4-9b75-993b4399c675,792,0.0064993985,Normal
c6ba2cd2-58a0-44f4-9b75-993b4399c675,793,0.006389399,Normal
c6ba2cd2-58a0-44f4-9b75-993b4399c675,794,0.006510546,Normal
c6ba2cd2-58a0-44f4-9b75-993b4399c675,795,0.006435477,Normal
c6ba2cd2-58a0-44f4-9b75-993b4399c675,796,0.006454055,Normal
c6ba2cd2-58a0-44f4-9b75-993b4399c675,797,0.006552303,Normal
c6ba2cd2-58a0-44f4-9b75-993b4399c675,798,0.0064552245,Normal
c6ba2cd2-58a0-44f4-9b75-993b4399c675,799,0.006376642,Normal
c6ba2cd2-58a0-44f4-9b75-993b4399c675,800,0.00641747,Normal
c6ba2cd2-58a0-44f4-9b75-993b4399c675,801,0.006219865,Normal
c6ba2cd2-58a0-44f4-9b75-993b4399c675,802,0.005992042,Normal
c6ba2cd2-58a0-44f4-9b75-993b4399c675,803,0.0059917644,Normal
c6ba2cd2-58a0-44f4-9b75-993b4399c675,804,0.006031298,Normal
c6ba2cd2-58a0-44f4-9b75-993b4399c675,805,0.0059547853,Normal
c6ba2cd2-58a0-44f4-9b75-993b4399c675,806,0.0059944806,Normal
c6ba2cd2-58a0-44f4-9b75-993b4399c675,807,0.0030085684,Normal
c6ba2cd2-58a0-44f4-9b75-993b4399c675,808,0.008113667,Normal
c6ba2cd2-58a0-44f4-9b75-993b4399c675,809,0.008122833,Normal
c6ba2cd2-58a0-44f4-9b75-993b4399c675,810,0.0082096085,Normal
c6ba2cd2-58a0-44f4-9b75-993b4399c675,811,0.008257474,Normal
c6ba2cd2-58a0-44f4-9b75-993b4399c675,812,0.00829348,Normal
c6ba2cd2-58a0-44f4-9b75-993b4399c675,813,0.008309267,Normal
c6ba2cd2-58a0-44f4-9b75-993b4399c675,814,0.008289009,Normal
c6ba2cd2-58a0-44f4-9b75-993b4399c675,815,0.0082874745,Normal
c6ba2cd2-58a0-44f4-9b75-993b4399c675,816,0.008281253,Normal
c6ba2cd2-58a0-44f4-9b75-993b4399c675,817,0.008259085,Normal
c6ba2cd2-58a0-44f4-9b75-993b4399c675,818,0.008249651,Normal
c6ba2cd2-58a0-44f4-9b75-993b4399c675,819,0.008251075,Normal
c6ba2cd2-58a0-44f4-9b75-993b4399c675,820,0.008222893,Normal
c6ba2cd2-58a0-44f4-9b75-993b4399c675,821,0.008210321,Normal
c6ba2cd2-58a0-44f4-9b75-993b4399c675,822,0.008215735,Normal
c6ba2cd2-58a0-44f4-9b75-993b4399c675,823,0.008214168,Normal
c6ba2cd2-58a0-44f4-9b75-993b4399c675,824,0.008214189,Normal
c6ba2cd2-58a0-44f4-9b75-993b4399c675,825,0.0082214335,Normal
c6ba2cd2-58a0-44f4-9b75-993b4399c675,826,0.0082041845,Normal
c6ba2cd2-58a0-44f4-9b75-993b4399c675,827,0.00819503,Normal
c6ba2cd2-58a0-44f4-9b75-993b4399c675,828,0.008147795,Normal
c6ba2cd2-58a0-44f4-9b75-993b4399c675,829,0.008133488,Normal
c6ba2cd2-58a0-44f4-9b75-993b4399c675,830,0.00818034,Normal
c6ba2cd2-58a0-44f4-9b75-993b4399c675,831,0.0081863385,Normal
c6ba2cd2-58a0-44f4-9b75-993b4399c675,832,0.008182373,Normal
c6ba2cd2-58a0-44f4-9b75-993b4399c675,833,0.008120816,Normal
c6ba2cd2-58a0-44f4-9b75-993b4399c675,834,0.008122058,Normal
c6ba2cd2-58a0-44f4-9b75-993b4399c675,835,0.008088431,Normal
c6ba2cd2-58a0-44f4-9b75-993b4399c675,836,0.008072844,Normal
c6ba2cd2-58a0-44f4-9b75-993b4399c675,837,0.008059978,Normal
c6ba2cd2-58a0-44f4-9b75-993b4399c675,838,0.008061038,Normal
c6ba2cd2-58a0-44f4-9b75-993b4399c675,839,0.00806327,Normal
c6ba2cd2-58a0-44f4-9b75-993b4399c675,840,0.008048076,Normal
c6ba2cd2-58a0-44f4-9b75-993b4399c675,841,0.00802429,Normal
c6ba2cd2-58a0-44f4-9b75-993b4399c675,842,0.008025931,Normal
c6ba2cd2-58a0-44f4-9b75-993b4399c675,843,0.008023094,Normal
c6ba2cd2-58a0-44f4-9b75-993b4399c675,844,0.008045692,Normal
c6ba2cd2-58a0-44f4-9b75-993b4399c675,845,0.007990546,Normal
c6ba2cd2-58a0-44f4-9b75-993b4399c675,846,0.001231537,Normal
c6ba2cd2-58a0-44f4-9b75-993b4399c675,847,0.0010015669,Normal
c6ba2cd2-58a0-44f4-9b75-993b4399c675,848,0.0009834017,Normal
c6ba2cd2-58a0-44f4-9b75-993b4399c675,849,0.0009975827,Normal
c6ba2cd2-58a0-44f4-9b75-993b4399c675,850,0.001043913,Normal
c6ba2cd2-58a0-44f4-9b75-993b4399c675,851,0.0010773478,Normal
c6ba2cd2-58a0-44f4-9b75-993b4399c675,852,0.0010635696,Normal
c6ba2cd2-58a0-44f4-9b75-993b4399c675,853,0.0010301245,Normal
c6ba2cd2-58a0-44f4-9b75-993b4399c675,854,0.0010166732,Normal
c6ba2cd2-58a0-44f4-9b75-993b4399c675,855,0.0010062635,Normal
c6ba2cd2-58a0-44f4-9b75-993b4399c675,856,0.0010217426,Normal
c6ba2cd2-58a0-44f4-9b75-993b4399c675,857,0.001029135,Normal
c6ba2cd2-58a0-44f4-9b75-993b4399c675,858,0.0010161867,Normal
c6ba2cd2-58a0-44f4-9b75-993b4399c675,859,0.0010431352,Normal
c6ba2cd2-58a0-44f4-9b75-993b4399c675,860,0.0009443835,Normal
c6ba2cd2-58a0-44f4-9b75-993b4399c675,861,0.0009017472,Normal
c6ba2cd2-58a0-44f4-9b75-993b4399c675,862,0.00091433834,Normal
c6ba2cd2-58a0-44f4-9b75-993b4399c675,863,0.00092619477,Normal
c6ba2cd2-58a0-44f4-9b75-993b4399c675,864,0.00095861644,Normal
c6ba2cd2-58a0-44f4-9b75-993b4399c675,865,0.00093262363,Normal
c6ba2cd2-58a0-44f4-9b75-993b4399c675,866,0.0009924785,Normal
c6ba2cd2-58a0-44f4-9b75-993b4399c675,867,0.00094989175,Normal
c6ba2cd2-58a0-44f4-9b75-993b4399c675,868,0.0008768552,Normal
c6ba2cd2-58a0-44f4-9b75-993b4399c675,869,0.0009811525,Normal
c6ba2cd2-58a0-44f4-9b75-993b4399c675,870,0.000993015,Normal
c6ba2cd2-58a0-44f4-9b75-993b4399c675,871,0.0011698378,Normal
c6ba2cd2-58a0-44f4-9b75-993b4399c675,872,0.001165775,Normal
c6ba2cd2-58a0-44f4-9b75-993b4399c675,873,0.0010958444,Normal
c6ba2cd2-58a0-44f4-9b75-993b4399c675,874,0.0011427677,Normal
c6ba2cd2-58a0-44f4-9b75-993b4399c675,875,0.0012582045,Normal
c6ba2cd2-58a0-44f4-9b75-993b4399c675,876,0.0013067517,Normal
c6ba2cd2-58a0-44f4-9b75-993b4399c675,877,0.001549156,Normal
c6ba2cd2-58a0-44f4-9b75-993b4399c675,878,0.0016334706,Normal
c6ba2cd2-58a0-44f4-9b75-993b4399c675,879,0.0018030381,Normal
c6ba2cd2-58a0-44f4-9b75-993b4399c675,880,0.0017390562,Normal
c6ba2cd2-58a0-44f4-9b75-993b4399c675,881,0.0018591109,Normal
c6ba2cd2-58a0-44f4-9b75-993b4399c675,882,0.002045848,Normal
c6ba2cd2-58a0-44f4-9b75-993b4399c675,883,0.0023230177,Normal
c6ba2cd2-58a0-44f4-9b75-993b4399c675,884,0.0022317576,Normal
c6ba2cd2-58a0-44f4-9b75-993b4399c675,885,0.0019173585,Normal
c6ba2cd2-58a0-44f4-9b75-993b4399c675,886,0.0018349986,Normal
c6ba2cd2-58a0-44f4-9b75-993b4399c675,887,0.0018879683,Normal
c6ba2cd2-58a0-44f4-9b75-993b4399c675,888,0.001977772,Normal
c6ba2cd2-58a0-44f4-9b75-993b4399c675,889,0.0021061979,Normal
c6ba2cd2-58a0-44f4-9b75-993b4399c675,890,0.002005173,Normal
c6ba2cd2-58a0-44f4-9b75-993b4399c675,891,0.0020533632,Normal
c6ba2cd2-58a0-44f4-9b75-993b4399c675,892,0.0021457172,Normal
c6ba2cd2-58a0-44f4-9b75-993b4399c675,893,0.0021370423,Normal
c6ba2cd2-58a0-44f4-9b75-993b4399c675,894,0.002139865,Normal
c6ba2cd2-58a0-44f4-9b75-993b4399c675,895,0.0021517863,Normal
c6ba2cd2-58a0-44f4-9b75-993b4399c675,896,0.0022428862,Normal
c6ba2cd2-58a0-44f4-9b75-993b4399c675,897,0.002366858,Normal
c6ba2cd2-58a0-44f4-9b75-993b4399c675,898,0.0022411481,Normal
c6ba2cd2-58a0-44f4-9b75-993b4399c675,899,0.0022394434,Normal
c6ba2cd2-58a0-44f4-9b75-993b4399c675,900,0.0021927333,Normal
c6ba2cd2-58a0-44f4-9b75-993b4399c675,901,0.0022553257,Normal
c6ba2cd2-58a0-44f4-9b75-993b4399c675,902,0.0023097699,Normal
c6ba2cd2-58a0-44f4-9b75-993b4399c675,903,0.0022573494,Normal
c6ba2cd2-58a0-44f4-9b75-993b4399c675,904,0.0023456858,Normal
c6ba2cd2-58a0-44f4-9b75-993b4399c675,905,0.0022591264,Normal
c6ba2cd2-58a0-44f4-9b75-993b4399c675,906,0.0019198282,Normal
c6ba2cd2-58a0-44f4-9b75-993b4399c675,907,0.0019084525,Normal
c6ba2cd2-58a0-44f4-9b75-993b4399c675,908,0.0021539251,Normal
c6ba2cd2-58a0-44f4-9b75-993b4399c675,909,0.0022075812,Normal
c6ba2cd2-58a0-44f4-9b75-993b4399c675,910,0.0021821507,Normal
c6ba2cd2-58a0-44f4-9b75-993b4399c675,911,0.0021903268,Normal
c6ba2cd2-58a0-44f4-9b75-993b4399c675,912,0.0021850592,Normal
c6ba2cd2-58a0-44f4-9b75-993b4399c675,913,0.002067402,Normal
c6ba2cd2-58a0-44f4-9b75-993b4399c675,914,0.0020524662,Normal
c6ba2cd2-58a0-44f4-9b75-993b4399c675,915,0.0020035133,Normal
c6ba2cd2-58a0-44f4-9b75-993b4399c675,916,0.001996669,Normal
c6ba2cd2-58a0-44f4-9b75-993b4399c675,917,0.0019505072,Normal
c6ba2cd2-58a0-44f4-9b75-993b4399c675,918,0.0019369166,Normal
c6ba2cd2-58a0-44f4-9b75-993b4399c675,919,0.0018594959,Normal
c6ba2cd2-58a0-44f4-9b75-993b4399c675,920,0.0018115324,Normal
c6ba2cd2-58a0-44f4-9b75-993b4399c675,921,0.0017238489,Normal
c6ba2cd2-58a0-44f4-9b75-993b4399c675,922,0.0017495619,Normal
c6ba2cd2-58a0-44f4-9b75-993b4399c675,923,0.001760062,Normal
c6ba2cd2-58a0-44f4-9b75-993b4399c675,924,0.0018485327,Normal
c6ba2cd2-58a0-44f4-9b75-993b4399c675,925,0.0019167275,Normal
c6ba2cd2-58a0-44f4-9b75-993b4399c675,926,0.0019315458,Normal
c6ba2cd2-58a0-44f4-9b75-993b4399c675,927,0.0019636874,Normal
c6ba2cd2-58a0-44f4-9b75-993b4399c675,928,0.0020062272,Normal
c6ba2cd2-58a0-44f4-9b75-993b4399c675,929,0.0020073124,Normal
c6ba2cd2-58a0-44f4-9b75-993b4399c675,930,0.0019828028,Normal
c6ba2cd2-58a0-44f4-9b75-993b4399c675,931,0.0018851928,Normal
c6ba2cd2-58a0-44f4-9b75-993b4399c675,932,0.0019031118,Normal
c6ba2cd2-58a0-44f4-9b75-993b4399c675,933,0.001913802,Normal
c6ba2cd2-58a0-44f4-9b75-993b4399c675,934,0.0019804456,Normal
c6ba2cd2-58a0-44f4-9b75-993b4399c675,935,0.0020591225,Normal
c6ba2cd2-58a0-44f4-9b75-993b4399c675,936,0.0020753625,Normal
c6ba2cd2-58a0-44f4-9b75-993b4399c675,937,0.0021416221,Normal
c6ba2cd2-58a0-44f4-9b75-993b4399c675,938,0.0021338197,Normal
c6ba2cd2-58a0-44f4-9b75-993b4399c675,939,0.0021607827,Normal
c6ba2cd2-58a0-44f4-9b75-993b4399c675,940,0.0021191877,Normal
c6ba2cd2-58a0-44f4-9b75-993b4399c675,941,0.002207532,Normal
c6ba2cd2-58a0-44f4-9b75-993b4399c675,942,0.006044529,Normal
c6ba2cd2-58a0-44f4-9b75-993b4399c675,943,0.0058653723,Normal
c6ba2cd2-58a0-44f4-9b75-993b4399c675,944,0.0058296705,Normal
c6ba2cd2-58a0-44f4-9b75-993b4399c675,945,0.0057547344,Normal
c6ba2cd2-58a0-44f4-9b75-993b4399c675,946,0.0057644285,Normal
c6ba2cd2-58a0-44f4-9b75-993b4399c675,947,0.0059127193,Normal
c6ba2cd2-58a0-44f4-9b75-993b4399c675,948,0.0060203644,Normal
c6ba2cd2-58a0-44f4-9b75-993b4399c675,949,0.0062204427,Normal
c6ba2cd2-58a0-44f4-9b75-993b4399c675,950,0.006192957,Normal
c6ba2cd2-58a0-44f4-9b75-993b4399c675,951,0.006128161,Normal
c6ba2cd2-58a0-44f4-9b75-993b4399c675,952,0.0062167738,Normal
c6ba2cd2-58a0-44f4-9b75-993b4399c675,953,0.0061437944,Normal
c6ba2cd2-58a0-44f4-9b75-993b4399c675,954,0.0062619965,Normal
c6ba2cd2-58a0-44f4-9b75-993b4399c675,955,0.006268205,Normal
c6ba2cd2-58a0-44f4-9b75-993b4399c675,956,0.006227443,Normal
c6ba2cd2-58a0-44f4-9b75-993b4399c675,957,0.006191437,Normal
c6ba2cd2-58a0-44f4-9b75-993b4399c675,958,0.00628885,Normal
c6ba2cd2-58a0-44f4-9b75-993b4399c675,959,0.0064223865,Normal
c6ba2cd2-58a0-44f4-9b75-993b4399c675,960,0.006522643,Normal
c6ba2cd2-58a0-44f4-9b75-993b4399c675,961,0.0066097034,Normal
c6ba2cd2-58a0-44f4-9b75-993b4399c675,962,0.0067133615,Normal
c6ba2cd2-58a0-44f4-9b75-993b4399c675,963,0.0067870365,Normal
c6ba2cd2-58a0-44f4-9b75-993b4399c675,964,0.0069155497,Normal
c6ba2cd2-58a0-44f4-9b75-993b4399c675,965,0.0066084936,Normal
c6ba2cd2-58a0-44f4-9b75-993b4399c675,966,0.006463039,Normal
c6ba2cd2-58a0-44f4-9b75-993b4399c675,967,0.006449366,Normal
c6ba2cd2-58a0-44f4-9b75-993b4399c675,968,0.006405416,Normal
c6ba2cd2-58a0-44f4-9b75-993b4399c675,969,0.0063857217,Normal
c6ba2cd2-58a0-44f4-9b75-993b4399c675,970,0.0061861738,Normal
c6ba2cd2-58a0-44f4-9b75-993b4399c675,971,0.006014413,Normal
c6ba2cd2-58a0-44f4-9b75-993b4399c675,972,0.006025184,Normal
c6ba2cd2-58a0-44f4-9b75-993b4399c675,973,0.0061245635,Normal
c6ba2cd2-58a0-44f4-9b75-993b4399c675,974,0.006246969,Normal
c6ba2cd2-58a0-44f4-9b75-993b4399c675,975,0.0061703008,Normal
c6ba2cd2-58a0-44f4-9b75-993b4399c675,976,0.0059856474,Normal
c6ba2cd2-58a0-44f4-9b75-993b4399c675,977,0.006094168,Normal
c6ba2cd2-58a0-44f4-9b75-993b4399c675,978,0.0062399744,Normal
c6ba2cd2-58a0-44f4-9b75-993b4399c675,979,0.006324606,Normal
c6ba2cd2-58a0-44f4-9b75-993b4399c675,980,0.0063972035,Normal
c6ba2cd2-58a0-44f4-9b75-993b4399c675,981,0.0064457897,Normal
c6ba2cd2-58a0-44f4-9b75-993b4399c675,982,0.0062556844,Normal
c6ba2cd2-58a0-44f4-9b75-993b4399c675,983,0.006372885,Normal
c6ba2cd2-58a0-44f4-9b75-993b4399c675,984,0.0062967953,Normal
c6ba2cd2-58a0-44f4-9b75-993b4399c675,985,0.006241898,Normal
c6ba2cd2-58a0-44f4-9b75-993b4399c675,986,0.00612834,Normal
c6ba2cd2-58a0-44f4-9b75-993b4399c675,987,0.006163571,Normal
c6ba2cd2-58a0-44f4-9b75-993b4399c675,988,0.006207904,Normal
c6ba2cd2-58a0-44f4-9b75-993b4399c675,989,0.0062686475,Normal
c6ba2cd2-58a0-44f4-9b75-993b4399c675,990,0.006151745,Normal
c6ba2cd2-58a0-44f4-9b75-993b4399c675,991,0.0061465623,Normal
c6ba2cd2-58a0-44f4-9b75-993b4399c675,992,0.006258966,Normal
c6ba2cd2-58a0-44f4-9b75-993b4399c675,993,0.006227353,Normal
c6ba2cd2-58a0-44f4-9b75-993b4399c675,994,0.0063090473,Normal
c6ba2cd2-58a0-44f4-9b75-993b4399c675,995,0.006294641,Normal
c6ba2cd2-58a0-44f4-9b75-993b4399c675,996,0.0064426307,Normal
c6ba2cd2-58a0-44f4-9b75-993b4399c675,997,0.00643962,Normal
c6ba2cd2-58a0-44f4-9b75-993b4399c675,998,0.0063954955,Normal
c6ba2cd2-58a0-44f4-9b75-993b4399c675,999,0.006504034,Normal
c6ba2cd2-58a0-44f4-9b75-993b4399c675,1000,0.006402605,Normal
c6ba2cd2-58a0-44f4-9b75-993b4399c675,1001,0.006333881,Normal
c6ba2cd2-58a0-44f4-9b75-993b4399c675,1002,0.0063606426,Normal
c6ba2cd2-58a0-44f4-9b75-993b4399c675,1003,0.0063707298,Normal
c6ba2cd2-58a0-44f4-9b75-993b4399c675,1004,0.006517064,Normal
c6ba2cd2-58a0-44f4-9b75-993b4399c675,1005,0.00647452,Normal
c6ba2cd2-58a0-44f4-9b75-993b4399c675,1006,0.0063718027,Normal
c6ba2cd2-58a0-44f4-9b75-993b4399c675,1007,0.0063105477,Normal
c6ba2cd2-58a0-44f4-9b75-993b4399c675,1008,0.00640609,Normal
c6ba2cd2-58a0-44f4-9b75-993b4399c675,1009,0.0064915204,Normal
c6ba2cd2-58a0-44f4-9b75-993b4399c675,1010,0.0063941786,Normal
c6ba2cd2-58a0-44f4-9b75-993b4399c675,1011,0.0064343987,Normal
c6ba2cd2-58a0-44f4-9b75-993b4399c675,1012,0.0064037847,Normal
c6ba2cd2-58a0-44f4-9b75-993b4399c675,1013,0.0064458223,Normal
c6ba2cd2-58a0-44f4-9b75-993b4399c675,1014,0.006470403,Normal
c6ba2cd2-58a0-44f4-9b75-993b4399c675,1015,0.0063431626,Normal
c6ba2cd2-58a0-44f4-9b75-993b4399c675,1016,0.006387577,Normal
c6ba2cd2-58a0-44f4-9b75-993b4399c675,1017,0.006289404,Normal
c6ba2cd2-58a0-44f4-9b75-993b4399c675,1018,0.00642235,Normal
c6ba2cd2-58a0-44f4-9b75-993b4399c675,1019,0.006565093,Normal
c6ba2cd2-58a0-44f4-9b75-993b4399c675,1020,0.0065013296,Normal
c6ba2cd2-58a0-44f4-9b75-993b4399c675,1021,0.006488693,Normal
c6ba2cd2-58a0-44f4-9b75-993b4399c675,1022,0.006499092,Normal
c6ba2cd2-58a0-44f4-9b75-993b4399c675,1023,0.00652158,Normal
c6ba2cd2-58a0-44f4-9b75-993b4399c675,1024,0.006577112,Normal
c6ba2cd2-58a0-44f4-9b75-993b4399c675,1025,0.006554573,Normal
c6ba2cd2-58a0-44f4-9b75-993b4399c675,1026,0.006653864,Normal
c6ba2cd2-58a0-44f4-9b75-993b4399c675,1027,0.006631499,Normal
c6ba2cd2-58a0-44f4-9b75-993b4399c675,1028,0.006652406,Normal
c6ba2cd2-58a0-44f4-9b75-993b4399c675,1029,0.0066469037,Normal
c6ba2cd2-58a0-44f4-9b75-993b4399c675,1030,0.006647758,Normal
c6ba2cd2-58a0-44f4-9b75-993b4399c675,1031,0.0065843076,Normal
c6ba2cd2-58a0-44f4-9b75-993b4399c675,1032,0.006647112,Normal
c6ba2cd2-58a0-44f4-9b75-993b4399c675,1033,0.0065995697,Normal
c6ba2cd2-58a0-44f4-9b75-993b4399c675,1034,0.006561951,Normal
c6ba2cd2-58a0-44f4-9b75-993b4399c675,1035,0.006437785,Normal
c6ba2cd2-58a0-44f4-9b75-993b4399c675,1036,0.006481684,Normal
c6ba2cd2-58a0-44f4-9b75-993b4399c675,1037,0.006549005,Normal
c6ba2cd2-58a0-44f4-9b75-993b4399c675,1038,0.0065390533,Normal
c6ba2cd2-58a0-44f4-9b75-993b4399c675,1039,0.006561063,Normal
c6ba2cd2-58a0-44f4-9b75-993b4399c675,1040,0.006609775,Normal
c6ba2cd2-58a0-44f4-9b75-993b4399c675,1041,0.006577366,Normal
c6ba2cd2-58a0-44f4-9b75-993b4399c675,1042,0.0066008708,Normal
c6ba2cd2-58a0-44f4-9b75-993b4399c675,1043,0.006665414,Normal
c6ba2cd2-58a0-44f4-9b75-993b4399c675,1044,0.006702492,Normal
c6ba2cd2-58a0-44f4-9b75-993b4399c675,1045,0.006522656,Normal
c6ba2cd2-58a0-44f4-9b75-993b4399c675,1046,0.0066308617,Normal
c6ba2cd2-58a0-44f4-9b75-993b4399c675,1047,0.006547708,Normal
c6ba2cd2-58a0-44f4-9b75-993b4399c675,1048,0.0065958444,Normal
c6ba2cd2-58a0-44f4-9b75-993b4399c675,1049,0.006430596,Normal
c6ba2cd2-58a0-44f4-9b75-993b4399c675,1050,0.0063924654,Normal
c6ba2cd2-58a0-44f4-9b75-993b4399c675,1051,0.0065501845,Normal
c6ba2cd2-58a0-44f4-9b75-993b4399c675,1052,0.0063842284,Normal
c6ba2cd2-58a0-44f4-9b75-993b4399c675,1053,0.0064049684,Normal
c6ba2cd2-58a0-44f4-9b75-993b4399c675,1054,0.0066661867,Normal
c6ba2cd2-58a0-44f4-9b75-993b4399c675,1055,0.006536383,Normal
c6ba2cd2-58a0-44f4-9b75-993b4399c675,1056,0.006614411,Normal
c6ba2cd2-58a0-44f4-9b75-993b4399c675,1057,0.006634339,Normal
c6ba2cd2-58a0-44f4-9b75-993b4399c675,1058,0.0065785926,Normal
c6ba2cd2-58a0-44f4-9b75-993b4399c675,1059,0.0067241844,Normal
c6ba2cd2-58a0-44f4-9b75-993b4399c675,1060,0.0067118458,Normal
c6ba2cd2-58a0-44f4-9b75-993b4399c675,1061,0.0066374773,Normal
c6ba2cd2-58a0-44f4-9b75-993b4399c675,1062,0.0066610454,Normal
c6ba2cd2-58a0-44f4-9b75-993b4399c675,1063,0.006791391,Normal
c6ba2cd2-58a0-44f4-9b75-993b4399c675,1064,0.0067519974,Normal
c6ba2cd2-58a0-44f4-9b75-993b4399c675,1065,0.006834008,Normal
c6ba2cd2-58a0-44f4-9b75-993b4399c675,1066,0.006958476,Normal
c6ba2cd2-58a0-44f4-9b75-993b4399c675,1067,0.006920367,Normal
c6ba2cd2-58a0-44f4-9b75-993b4399c675,1068,0.007002461,Normal
c6ba2cd2-58a0-44f4-9b75-993b4399c675,1069,0.007093845,Normal
c6ba2cd2-58a0-44f4-9b75-993b4399c675,1070,0.007049393,Normal
c6ba2cd2-58a0-44f4-9b75-993b4399c675,1071,0.007137431,Normal
c6ba2cd2-58a0-44f4-9b75-993b4399c675,1072,0.0071995356,Normal
c6ba2cd2-58a0-44f4-9b75-993b4399c675,1073,0.007390763,Normal
c6ba2cd2-58a0-44f4-9b75-993b4399c675,1074,0.007465614,Normal
c6ba2cd2-58a0-44f4-9b75-993b4399c675,1075,0.007539336,Normal
c6ba2cd2-58a0-44f4-9b75-993b4399c675,1076,0.007662761,Normal
c6ba2cd2-58a0-44f4-9b75-993b4399c675,1077,0.007826569,Normal
c6ba2cd2-58a0-44f4-9b75-993b4399c675,1078,0.008070987,Normal
c6ba2cd2-58a0-44f4-9b75-993b4399c675,1079,0.00827364,Normal
c6ba2cd2-58a0-44f4-9b75-993b4399c675,1080,0.0049884515,Normal
c6ba2cd2-58a0-44f4-9b75-993b4399c675,1081,0.0076557267,Normal
c6ba2cd2-58a0-44f4-9b75-993b4399c675,1082,0.0076509956,Normal
c6ba2cd2-58a0-44f4-9b75-993b4399c675,1083,0.0076442305,Normal
c6ba2cd2-58a0-44f4-9b75-993b4399c675,1084,0.0076753497,Normal
c6ba2cd2-58a0-44f4-9b75-993b4399c675,1085,0.0076517253,Normal
c6ba2cd2-58a0-44f4-9b75-993b4399c675,1086,0.0076583815,Normal
c6ba2cd2-58a0-44f4-9b75-993b4399c675,1087,0.007621173,Normal
c6ba2cd2-58a0-44f4-9b75-993b4399c675,1088,0.0076788473,Normal
c6ba2cd2-58a0-44f4-9b75-993b4399c675,1089,0.007733687,Normal
c6ba2cd2-58a0-44f4-9b75-993b4399c675,1090,0.0076524112,Normal
c6ba2cd2-58a0-44f4-9b75-993b4399c675,1091,0.0076108444,Normal
c6ba2cd2-58a0-44f4-9b75-993b4399c675,1092,0.007691553,Normal
c6ba2cd2-58a0-44f4-9b75-993b4399c675,1093,0.007708424,Normal
c6ba2cd2-58a0-44f4-9b75-993b4399c675,1094,0.0077466853,Normal
c6ba2cd2-58a0-44f4-9b75-993b4399c675,1095,0.0077731656,Normal
c6ba2cd2-58a0-44f4-9b75-993b4399c675,1096,0.0077331895,Normal
c6ba2cd2-58a0-44f4-9b75-993b4399c675,1097,0.007808094,Normal
c6ba2cd2-58a0-44f4-9b75-993b4399c675,1098,0.007899184,Normal
c6ba2cd2-58a0-44f4-9b75-993b4399c675,1099,0.007872919,Normal
c6ba2cd2-58a0-44f4-9b75-993b4399c675,1100,0.007859792,Normal
c6ba2cd2-58a0-44f4-9b75-993b4399c675,1101,0.007843867,Normal
c6ba2cd2-58a0-44f4-9b75-993b4399c675,1102,0.007909222,Normal
c6ba2cd2-58a0-44f4-9b75-993b4399c675,1103,0.00787104,Normal
c6ba2cd2-58a0-44f4-9b75-993b4399c675,1104,0.007853014,Normal
c6ba2cd2-58a0-44f4-9b75-993b4399c675,1105,0.007863872,Normal
c6ba2cd2-58a0-44f4-9b75-993b4399c675,1106,0.007907303,Normal
c6ba2cd2-58a0-44f4-9b75-993b4399c675,1107,0.007930316,Normal
c6ba2cd2-58a0-44f4-9b75-993b4399c675,1108,0.0078926915,Normal
c6ba2cd2-58a0-44f4-9b75-993b4399c675,1109,0.007894238,Normal
c6ba2cd2-58a0-44f4-9b75-993b4399c675,1110,0.007934408,Normal
c6ba2cd2-58a0-44f4-9b75-993b4399c675,1111,0.007977411,Normal
c6ba2cd2-58a0-44f4-9b75-993b4399c675,1112,0.007977953,Normal
c6ba2cd2-58a0-44f4-9b75-993b4399c675,1113,0.008015257,Normal
c6ba2cd2-58a0-44f4-9b75-993b4399c675,1114,0.0080189165,Normal
c6ba2cd2-58a0-44f4-9b75-993b4399c675,1115,0.007982923,Normal
c6ba2cd2-58a0-44f4-9b75-993b4399c675,1116,0.007885545,Normal
c6ba2cd2-58a0-44f4-9b75-993b4399c675,1117,0.007835687,Normal
c6ba2cd2-58a0-44f4-9b75-993b4399c675,1118,0.007883286,Normal
c6ba2cd2-58a0-44f4-9b75-993b4399c675,1119,0.00795878,Normal
c6ba2cd2-58a0-44f4-9b75-993b4399c675,1120,0.007930021,Normal
c6ba2cd2-58a0-44f4-9b75-993b4399c675,1121,0.007932361,Normal
c6ba2cd2-58a0-44f4-9b75-993b4399c675,1122,0.0078948885,Normal
c6ba2cd2-58a0-44f4-9b75-993b4399c675,1123,0.007863181,Normal
c6ba2cd2-58a0-44f4-9b75-993b4399c675,1124,0.007830478,Normal
c6ba2cd2-58a0-44f4-9b75-993b4399c675,1125,0.0078179715,Normal
c6ba2cd2-58a0-44f4-9b75-993b4399c675,1126,0.007809894,Normal
c6ba2cd2-58a0-44f4-9b75-993b4399c675,1127,0.007818439,Normal
c6ba2cd2-58a0-44f4-9b75-993b4399c675,1128,0.007793976,Normal
c6ba2cd2-58a0-44f4-9b75-993b4399c675,1129,0.0077862972,Normal
c6ba2cd2-58a0-44f4-9b75-993b4399c675,1130,0.0077835373,Normal
c6ba2cd2-58a0-44f4-9b75-993b4399c675,1131,0.0077996487,Normal
c6ba2cd2-58a0-44f4-9b75-993b4399c675,1132,0.007796136,Normal
c6ba2cd2-58a0-44f4-9b75-993b4399c675,1133,0.0077851666,Normal
c6ba2cd2-58a0-44f4-9b75-993b4399c675,1134,0.007791219,Normal
c6ba2cd2-58a0-44f4-9b75-993b4399c675,1135,0.0077573573,Normal
c6ba2cd2-58a0-44f4-9b75-993b4399c675,1136,0.007709981,Normal
c6ba2cd2-58a0-44f4-9b75-993b4399c675,1137,0.0034841886,Normal
c6ba2cd2-58a0-44f4-9b75-993b4399c675,1138,0.0065709967,Normal
c6ba2cd2-58a0-44f4-9b75-993b4399c675,1139,0.0067063766,Normal
c6ba2cd2-58a0-44f4-9b75-993b4399c675,1140,0.0065176617,Normal
c6ba2cd2-58a0-44f4-9b75-993b4399c675,1141,0.006545059,Normal
c6ba2cd2-58a0-44f4-9b75-993b4399c675,1142,0.0065523665,Normal
c6ba2cd2-58a0-44f4-9b75-993b4399c675,1143,0.006527519,Normal
c6ba2cd2-58a0-44f4-9b75-993b4399c675,1144,0.0064872727,Normal
c6ba2cd2-58a0-44f4-9b75-993b4399c675,1145,0.006484166,Normal
c6ba2cd2-58a0-44f4-9b75-993b4399c675,1146,0.006359259,Normal
c6ba2cd2-58a0-44f4-9b75-993b4399c675,1147,0.006447201,Normal
c6ba2cd2-58a0-44f4-9b75-993b4399c675,1148,0.0064709783,Normal
c6ba2cd2-58a0-44f4-9b75-993b4399c675,1149,0.006535273,Normal
c6ba2cd2-58a0-44f4-9b75-993b4399c675,1150,0.0064214226,Normal
c6ba2cd2-58a0-44f4-9b75-993b4399c675,1151,0.006494319,Normal
c6ba2cd2-58a0-44f4-9b75-993b4399c675,1152,0.0065344395,Normal
c6ba2cd2-58a0-44f4-9b75-993b4399c675,1153,0.0063978927,Normal
c6ba2cd2-58a0-44f4-9b75-993b4399c675,1154,0.006337786,Normal
c6ba2cd2-58a0-44f4-9b75-993b4399c675,1155,0.0064184023,Normal
c6ba2cd2-58a0-44f4-9b75-993b4399c675,1156,0.006329496,Normal
c6ba2cd2-58a0-44f4-9b75-993b4399c675,1157,0.0062597487,Normal
c6ba2cd2-58a0-44f4-9b75-993b4399c675,1158,0.0063217347,Normal
c6ba2cd2-58a0-44f4-9b75-993b4399c675,1159,0.0062929927,Normal
c6ba2cd2-58a0-44f4-9b75-993b4399c675,1160,0.006159762,Normal
c6ba2cd2-58a0-44f4-9b75-993b4399c675,1161,0.006140512,Normal
c6ba2cd2-58a0-44f4-9b75-993b4399c675,1162,0.0060703917,Normal
c6ba2cd2-58a0-44f4-9b75-993b4399c675,1163,0.0061586914,Normal
c6ba2cd2-58a0-44f4-9b75-993b4399c675,1164,0.0061643748,Normal
c6ba2cd2-58a0-44f4-9b75-993b4399c675,1165,0.006174021,Normal
c6ba2cd2-58a0-44f4-9b75-993b4399c675,1166,0.006311208,Normal
c6ba2cd2-58a0-44f4-9b75-993b4399c675,1167,0.006271797,Normal
c6ba2cd2-58a0-44f4-9b75-993b4399c675,1168,0.0061152214,Normal
c6ba2cd2-58a0-44f4-9b75-993b4399c675,1169,0.006101853,Normal
c6ba2cd2-58a0-44f4-9b75-993b4399c675,1170,0.0061632846,Normal
c6ba2cd2-58a0-44f4-9b75-993b4399c675,1171,0.006321649,Normal
c6ba2cd2-58a0-44f4-9b75-993b4399c675,1172,0.0062113507,Normal
c6ba2cd2-58a0-44f4-9b75-993b4399c675,1173,0.0063346457,Normal
c6ba2cd2-58a0-44f4-9b75-993b4399c675,1174,0.006449352,Normal
c6ba2cd2-58a0-44f4-9b75-993b4399c675,1175,0.006305262,Normal
c6ba2cd2-58a0-44f4-9b75-993b4399c675,1176,0.006389586,Normal
c6ba2cd2-58a0-44f4-9b75-993b4399c675,1177,0.006381358,Normal
c6ba2cd2-58a0-44f4-9b75-993b4399c675,1178,0.0064145103,Normal
c6ba2cd2-58a0-44f4-9b75-993b4399c675,1179,0.00650121,Normal
c6ba2cd2-58a0-44f4-9b75-993b4399c675,1180,0.006495421,Normal
c6ba2cd2-58a0-44f4-9b75-993b4399c675,1181,0.0063400334,Normal
c6ba2cd2-58a0-44f4-9b75-993b4399c675,1182,0.0064974767,Normal
c6ba2cd2-58a0-44f4-9b75-993b4399c675,1183,0.0064786337,Normal
c6ba2cd2-58a0-44f4-9b75-993b4399c675,1184,0.006505369,Normal
c6ba2cd2-58a0-44f4-9b75-993b4399c675,1185,0.0065483935,Normal
c6ba2cd2-58a0-44f4-9b75-993b4399c675,1186,0.006387233,Normal
c6ba2cd2-58a0-44f4-9b75-993b4399c675,1187,0.0064010266,Normal
c6ba2cd2-58a0-44f4-9b75-993b4399c675,1188,0.0064021614,Normal
c6ba2cd2-58a0-44f4-9b75-993b4399c675,1189,0.006564428,Normal
c6ba2cd2-58a0-44f4-9b75-993b4399c675,1190,0.0064413864,Normal
c6ba2cd2-58a0-44f4-9b75-993b4399c675,1191,0.0065134037,Normal
c6ba2cd2-58a0-44f4-9b75-993b4399c675,1192,0.0064976383,Normal
c6ba2cd2-58a0-44f4-9b75-993b4399c675,1193,0.006194096,Normal
c6ba2cd2-58a0-44f4-9b75-993b4399c675,1194,0.0062141544,Normal
c6ba2cd2-58a0-44f4-9b75-993b4399c675,1195,0.006159582,Normal
c6ba2cd2-58a0-44f4-9b75-993b4399c675,1196,0.0060463753,Normal
c6ba2cd2-58a0-44f4-9b75-993b4399c675,1197,0.0060612727,Normal
c6ba2cd2-58a0-44f4-9b75-993b4399c675,1198,0.0060104067,Normal
c6ba2cd2-58a0-44f4-9b75-993b4399c675,1199,0.005940563,Normal
c6ba2cd2-58a0-44f4-9b75-993b4399c675,1200,0.0059129614,Normal
c6ba2cd2-58a0-44f4-9b75-993b4399c675,1201,0.005894077,Normal
c6ba2cd2-58a0-44f4-9b75-993b4399c675,1202,0.0057959654,Normal
c6ba2cd2-58a0-44f4-9b75-993b4399c675,1203,0.0057074437,Normal
c6ba2cd2-58a0-44f4-9b75-993b4399c675,1204,0.0056923963,Normal
c6ba2cd2-58a0-44f4-9b75-993b4399c675,1205,0.005770202,Normal
c6ba2cd2-58a0-44f4-9b75-993b4399c675,1206,0.0059110215,Normal
c6ba2cd2-58a0-44f4-9b75-993b4399c675,1207,0.005820846,Normal
c6ba2cd2-58a0-44f4-9b75-993b4399c675,1208,0.0059302375,Normal
c6ba2cd2-58a0-44f4-9b75-993b4399c675,1209,0.0059874775,Normal
c6ba2cd2-58a0-44f4-9b75-993b4399c675,1210,0.0059413128,Normal
c6ba2cd2-58a0-44f4-9b75-993b4399c675,1211,0.006036179,Normal
c6ba2cd2-58a0-44f4-9b75-993b4399c675,1212,0.0060119266,Normal
c6ba2cd2-58a0-44f4-9b75-993b4399c675,1213,0.0060980176,Normal
c6ba2cd2-58a0-44f4-9b75-993b4399c675,1214,0.006244734,Normal
c6ba2cd2-58a0-44f4-9b75-993b4399c675,1215,0.006089475,Normal
c6ba2cd2-58a0-44f4-9b75-993b4399c675,1216,0.0059967684,Normal
c6ba2cd2-58a0-44f4-9b75-993b4399c675,1217,0.0059386995,Normal
c6ba2cd2-58a0-44f4-9b75-993b4399c675,1218,0.0060956655,Normal
c6ba2cd2-58a0-44f4-9b75-993b4399c675,1219,0.0062600276,Normal
c6ba2cd2-58a0-44f4-9b75-993b4399c675,1220,0.0063626715,Normal
c6ba2cd2-58a0-44f4-9b75-993b4399c675,1221,0.006188891,Normal
c6ba2cd2-58a0-44f4-9b75-993b4399c675,1222,0.0061554033,Normal
c6ba2cd2-58a0-44f4-9b75-993b4399c675,1223,0.0062006274,Normal
c6ba2cd2-58a0-44f4-9b75-993b4399c675,1224,0.0061852653,Normal
c6ba2cd2-58a0-44f4-9b75-993b4399c675,1225,0.0063313483,Normal
c6ba2cd2-58a0-44f4-9b75-993b4399c675,1226,0.006409591,Normal
c6ba2cd2-58a0-44f4-9b75-993b4399c675,1227,0.0065392014,Normal
c6ba2cd2-58a0-44f4-9b75-993b4399c675,1228,0.006619773,Normal
c6ba2cd2-58a0-44f4-9b75-993b4399c675,1229,0.0066384594,Normal
c6ba2cd2-58a0-44f4-9b75-993b4399c675,1230,0.0065967767,Normal
c6ba2cd2-58a0-44f4-9b75-993b4399c675,1231,0.006667191,Normal
c6ba2cd2-58a0-44f4-9b75-993b4399c675,1232,0.00653746,Normal
c6ba2cd2-58a0-44f4-9b75-993b4399c675,1233,0.0066818013,Normal
c6ba2cd2-58a0-44f4-9b75-993b4399c675,1234,0.0067868773,Normal
c6ba2cd2-58a0-44f4-9b75-993b4399c675,1235,0.0067247604,Normal
c6ba2cd2-58a0-44f4-9b75-993b4399c675,1236,0.006619199,Normal
c6ba2cd2-58a0-44f4-9b75-993b4399c675,1237,0.0066400445,Normal
c6ba2cd2-58a0-44f4-9b75-993b4399c675,1238,0.0066542467,Normal
c6ba2cd2-58a0-44f4-9b75-993b4399c675,1239,0.0068656756,Normal
c6ba2cd2-58a0-44f4-9b75-993b4399c675,1240,0.006837192,Normal
c6ba2cd2-58a0-44f4-9b75-993b4399c675,1241,0.006687779,Normal
c6ba2cd2-58a0-44f4-9b75-993b4399c675,1242,0.006725807,Normal
c6ba2cd2-58a0-44f4-9b75-993b4399c675,1243,0.006780329,Normal
c6ba2cd2-58a0-44f4-9b75-993b4399c675,1244,0.0067763305,Normal
c6ba2cd2-58a0-44f4-9b75-993b4399c675,1245,0.006693583,Normal
c6ba2cd2-58a0-44f4-9b75-993b4399c675,1246,0.006751338,Normal
c6ba2cd2-58a0-44f4-9b75-993b4399c675,1247,0.0066589126,Normal
c6ba2cd2-58a0-44f4-9b75-993b4399c675,1248,0.006605261,Normal
c6ba2cd2-58a0-44f4-9b75-993b4399c675,1249,0.006580017,Normal
c6ba2cd2-58a0-44f4-9b75-993b4399c675,1250,0.006490987,Normal
c6ba2cd2-58a0-44f4-9b75-993b4399c675,1251,0.0064579467,Normal
c6ba2cd2-58a0-44f4-9b75-993b4399c675,1252,0.006441024,Normal
c6ba2cd2-58a0-44f4-9b75-993b4399c675,1253,0.0064412737,Normal
c6ba2cd2-58a0-44f4-9b75-993b4399c675,1254,0.006456471,Normal
c6ba2cd2-58a0-44f4-9b75-993b4399c675,1255,0.0063303746,Normal
c6ba2cd2-58a0-44f4-9b75-993b4399c675,1256,0.006273002,Normal
c6ba2cd2-58a0-44f4-9b75-993b4399c675,1257,0.0060963985,Normal
c6ba2cd2-58a0-44f4-9b75-993b4399c675,1258,0.0060444092,Normal
c6ba2cd2-58a0-44f4-9b75-993b4399c675,1259,0.0060947645,Normal
c6ba2cd2-58a0-44f4-9b75-993b4399c675,1260,0.006069045,Normal
c6ba2cd2-58a0-44f4-9b75-993b4399c675,1261,0.0060285954,Normal
c6ba2cd2-58a0-44f4-9b75-993b4399c675,1262,0.006032789,Normal
c6ba2cd2-58a0-44f4-9b75-993b4399c675,1263,0.0059942547,Normal
c6ba2cd2-58a0-44f4-9b75-993b4399c675,1264,0.006039045,Normal
c6ba2cd2-58a0-44f4-9b75-993b4399c675,1265,0.006127475,Normal
c6ba2cd2-58a0-44f4-9b75-993b4399c675,1266,0.006020175,Normal
c6ba2cd2-58a0-44f4-9b75-993b4399c675,1267,0.0060521765,Normal
c6ba2cd2-58a0-44f4-9b75-993b4399c675,1268,0.006164274,Normal
c6ba2cd2-58a0-44f4-9b75-993b4399c675,1269,0.0062223496,Normal
c6ba2cd2-58a0-44f4-9b75-993b4399c675,1270,0.006173035,Normal
c6ba2cd2-58a0-44f4-9b75-993b4399c675,1271,0.0062495377,Normal
c6ba2cd2-58a0-44f4-9b75-993b4399c675,1272,0.0062932605,Normal
c6ba2cd2-58a0-44f4-9b75-993b4399c675,1273,0.006332749,Normal
c6ba2cd2-58a0-44f4-9b75-993b4399c675,1274,0.006174598,Normal
c6ba2cd2-58a0-44f4-9b75-993b4399c675,1275,0.0060802917,Normal
c6ba2cd2-58a0-44f4-9b75-993b4399c675,1276,0.006199139,Normal
c6ba2cd2-58a0-44f4-9b75-993b4399c675,1277,0.0033546416,Normal
c6ba2cd2-58a0-44f4-9b75-993b4399c675,1278,0.008997576,Normal
c6ba2cd2-58a0-44f4-9b75-993b4399c675,1279,0.009035336,Normal
c6ba2cd2-58a0-44f4-9b75-993b4399c675,1280,0.00905761,Normal
c6ba2cd2-58a0-44f4-9b75-993b4399c675,1281,0.009079065,Normal
c6ba2cd2-58a0-44f4-9b75-993b4399c675,1282,0.009098439,Normal
c6ba2cd2-58a0-44f4-9b75-993b4399c675,1283,0.009126847,Normal
c6ba2cd2-58a0-44f4-9b75-993b4399c675,1284,0.009138976,Normal
c6ba2cd2-58a0-44f4-9b75-993b4399c675,1285,0.009110823,Normal
c6ba2cd2-58a0-44f4-9b75-993b4399c675,1286,0.00913439,Normal
c6ba2cd2-58a0-44f4-9b75-993b4399c675,1287,0.009133942,Normal
c6ba2cd2-58a0-44f4-9b75-993b4399c675,1288,0.009117754,Normal
c6ba2cd2-58a0-44f4-9b75-993b4399c675,1289,0.00921126,Normal
c6ba2cd2-58a0-44f4-9b75-993b4399c675,1290,0.009319108,Normal
c6ba2cd2-58a0-44f4-9b75-993b4399c675,1291,0.009289171,Normal
c6ba2cd2-58a0-44f4-9b75-993b4399c675,1292,0.009271808,Normal
c6ba2cd2-58a0-44f4-9b75-993b4399c675,1293,0.009349505,Normal
c6ba2cd2-58a0-44f4-9b75-993b4399c675,1294,0.009385027,Normal
c6ba2cd2-58a0-44f4-9b75-993b4399c675,1295,0.0093470365,Normal
c6ba2cd2-58a0-44f4-9b75-993b4399c675,1296,0.009326454,Normal
c6ba2cd2-58a0-44f4-9b75-993b4399c675,1297,0.009254272,Normal
c6ba2cd2-58a0-44f4-9b75-993b4399c675,1298,0.009272954,Normal
c6ba2cd2-58a0-44f4-9b75-993b4399c675,1299,0.009316724,Normal
c6ba2cd2-58a0-44f4-9b75-993b4399c675,1300,0.0094119795,Normal
c6ba2cd2-58a0-44f4-9b75-993b4399c675,1301,0.0093529895,Normal
c6ba2cd2-58a0-44f4-9b75-993b4399c675,1302,0.009264433,Normal
c6ba2cd2-58a0-44f4-9b75-993b4399c675,1303,0.00930609,Normal
c6ba2cd2-58a0-44f4-9b75-993b4399c675,1304,0.009204494,Normal
c6ba2cd2-58a0-44f4-9b75-993b4399c675,1305,0.009127473,Normal
c6ba2cd2-58a0-44f4-9b75-993b4399c675,1306,0.00891341,Normal
c6ba2cd2-58a0-44f4-9b75-993b4399c675,1307,0.008843799,Normal
c6ba2cd2-58a0-44f4-9b75-993b4399c675,1308,0.009015646,Normal
c6ba2cd2-58a0-44f4-9b75-993b4399c675,1309,0.0088341925,Normal
c6ba2cd2-58a0-44f4-9b75-993b4399c675,1310,0.008880166,Normal
c6ba2cd2-58a0-44f4-9b75-993b4399c675,1311,0.008976867,Normal
c6ba2cd2-58a0-44f4-9b75-993b4399c675,1312,0.008855905,Normal
c6ba2cd2-58a0-44f4-9b75-993b4399c675,1313,0.009060591,Normal
c6ba2cd2-58a0-44f4-9b75-993b4399c675,1314,0.008972287,Normal
c6ba2cd2-58a0-44f4-9b75-993b4399c675,1315,0.009135219,Normal
c6ba2cd2-58a0-44f4-9b75-993b4399c675,1316,0.009172928,Normal
c6ba2cd2-58a0-44f4-9b75-993b4399c675,1317,0.008867202,Normal
c6ba2cd2-58a0-44f4-9b75-993b4399c675,1318,0.009048514,Normal
c6ba2cd2-58a0-44f4-9b75-993b4399c675,1319,0.00908675,Normal
c6ba2cd2-58a0-44f4-9b75-993b4399c675,1320,0.008664057,Normal
c6ba2cd2-58a0-44f4-9b75-993b4399c675,1321,0.008625112,Normal
c6ba2cd2-58a0-44f4-9b75-993b4399c675,1322,0.009085845,Normal
c6ba2cd2-58a0-44f4-9b75-993b4399c675,1323,0.008443663,Normal
c6ba2cd2-58a0-44f4-9b75-993b4399c675,1324,0.00819652,Normal
c6ba2cd2-58a0-44f4-9b75-993b4399c675,1325,0.008509886,Normal
c6ba2cd2-58a0-44f4-9b75-993b4399c675,1326,0.008239903,Normal
c6ba2cd2-58a0-44f4-9b75-993b4399c675,1327,0.007865684,Normal
c6ba2cd2-58a0-44f4-9b75-993b4399c675,1328,0.007905028,Normal
c6ba2cd2-58a0-44f4-9b75-993b4399c675,1329,0.008207611,Normal
c6ba2cd2-58a0-44f4-9b75-993b4399c675,1330,0.008063629,Normal
c6ba2cd2-58a0-44f4-9b75-993b4399c675,1331,0.0078288,Normal
c6ba2cd2-58a0-44f4-9b75-993b4399c675,1332,0.008119127,Normal
c6ba2cd2-58a0-44f4-9b75-993b4399c675,1333,0.007671954,Normal
c6ba2cd2-58a0-44f4-9b75-993b4399c675,1334,0.0071207583,Normal
c6ba2cd2-58a0-44f4-9b75-993b4399c675,1335,0.007043344,Normal
c6ba2cd2-58a0-44f4-9b75-993b4399c675,1336,0.0071428185,Normal
c6ba2cd2-58a0-44f4-9b75-993b4399c675,1337,0.00741277,Normal
c6ba2cd2-58a0-44f4-9b75-993b4399c675,1338,0.007665176,Normal
c6ba2cd2-58a0-44f4-9b75-993b4399c675,1339,0.0075663384,Normal
c6ba2cd2-58a0-44f4-9b75-993b4399c675,1340,0.007874593,Normal
c6ba2cd2-58a0-44f4-9b75-993b4399c675,1341,0.0077581457,Normal
c6ba2cd2-58a0-44f4-9b75-993b4399c675,1342,0.0076337736,Normal
c6ba2cd2-58a0-44f4-9b75-993b4399c675,1343,0.0083610695,Normal
c6ba2cd2-58a0-44f4-9b75-993b4399c675,1344,0.008189398,Normal
c6ba2cd2-58a0-44f4-9b75-993b4399c675,1345,0.007937007,Normal
c6ba2cd2-58a0-44f4-9b75-993b4399c675,1346,0.008413952,Normal
c6ba2cd2-58a0-44f4-9b75-993b4399c675,1347,0.008265452,Normal
c6ba2cd2-58a0-44f4-9b75-993b4399c675,1348,0.007938012,Normal
c6ba2cd2-58a0-44f4-9b75-993b4399c675,1349,0.007861616,Normal
c6ba2cd2-58a0-44f4-9b75-993b4399c675,1350,0.007857798,Normal
c6ba2cd2-58a0-44f4-9b75-993b4399c675,1351,0.007738143,Normal
c6ba2cd2-58a0-44f4-9b75-993b4399c675,1352,0.00737785,Normal
c6ba2cd2-58a0-44f4-9b75-993b4399c675,1353,0.008153902,Normal
c6ba2cd2-58a0-44f4-9b75-993b4399c675,1354,0.0090352725,Normal
c6ba2cd2-58a0-44f4-9b75-993b4399c675,1355,0.008155551,Normal
c6ba2cd2-58a0-44f4-9b75-993b4399c675,1356,0.0077231084,Normal
c6ba2cd2-58a0-44f4-9b75-993b4399c675,1357,0.009341462,Normal
c6ba2cd2-58a0-44f4-9b75-993b4399c675,1358,0.008973796,Normal
c6ba2cd2-58a0-44f4-9b75-993b4399c675,1359,0.0096507855,Normal
c6ba2cd2-58a0-44f4-9b75-993b4399c675,1360,0.008636745,Normal
c6ba2cd2-58a0-44f4-9b75-993b4399c675,1361,0.009140844,Normal
c6ba2cd2-58a0-44f4-9b75-993b4399c675,1362,0.009329342,Normal
c6ba2cd2-58a0-44f4-9b75-993b4399c675,1363,0.009859804,Normal
c6ba2cd2-58a0-44f4-9b75-993b4399c675,1364,0.0104700215,Normal
c6ba2cd2-58a0-44f4-9b75-993b4399c675,1365,0.009773502,Normal
c6ba2cd2-58a0-44f4-9b75-993b4399c675,1366,0.009444692,Normal
c6ba2cd2-58a0-44f4-9b75-993b4399c675,1367,0.009886671,Normal
c6ba2cd2-58a0-44f4-9b75-993b4399c675,1368,0.009971239,Normal
c6ba2cd2-58a0-44f4-9b75-993b4399c675,1369,0.009937047,Normal
c6ba2cd2-58a0-44f4-9b75-993b4399c675,1370,0.009409279,Normal
c6ba2cd2-58a0-44f4-9b75-993b4399c675,1371,0.009202872,Normal
c6ba2cd2-58a0-44f4-9b75-993b4399c675,1372,0.00912606,Normal
c6ba2cd2-58a0-44f4-9b75-993b4399c675,1373,0.009363763,Normal
c6ba2cd2-58a0-44f4-9b75-993b4399c675,1374,0.009472698,Normal
c6ba2cd2-58a0-44f4-9b75-993b4399c675,1375,0.009111543,Normal
c6ba2cd2-58a0-44f4-9b75-993b4399c675,1376,0.009120003,Normal
c6ba2cd2-58a0-44f4-9b75-993b4399c675,1377,0.008742888,Normal
c6ba2cd2-58a0-44f4-9b75-993b4399c675,1378,0.009678759,Normal
c6ba2cd2-58a0-44f4-9b75-993b4399c675,1379,0.00962881,Normal
c6ba2cd2-58a0-44f4-9b75-993b4399c675,1380,0.008427862,Normal
c6ba2cd2-58a0-44f4-9b75-993b4399c675,1381,0.008906026,Normal
c6ba2cd2-58a0-44f4-9b75-993b4399c675,1382,0.009830567,Normal
c6ba2cd2-58a0-44f4-9b75-993b4399c675,1383,0.009816593,Normal
c6ba2cd2-58a0-44f4-9b75-993b4399c675,1384,0.010086635,Normal
c6ba2cd2-58a0-44f4-9b75-993b4399c675,1385,0.009605046,Normal
c6ba2cd2-58a0-44f4-9b75-993b4399c675,1386,0.009882007,Normal
c6ba2cd2-58a0-44f4-9b75-993b4399c675,1387,0.010123864,Normal
c6ba2cd2-58a0-44f4-9b75-993b4399c675,1388,0.0098880455,Normal
c6ba2cd2-58a0-44f4-9b75-993b4399c675,1389,0.010369832,Normal
c6ba2cd2-58a0-44f4-9b75-993b4399c675,1390,0.010109472,Normal
c6ba2cd2-58a0-44f4-9b75-993b4399c675,1391,0.009236362,Normal
c6ba2cd2-58a0-44f4-9b75-993b4399c675,1392,0.009671918,Normal
c6ba2cd2-58a0-44f4-9b75-993b4399c675,1393,0.009736046,Normal
c6ba2cd2-58a0-44f4-9b75-993b4399c675,1394,0.009367601,Normal
c6ba2cd2-58a0-44f4-9b75-993b4399c675,1395,0.009122208,Normal
c6ba2cd2-58a0-44f4-9b75-993b4399c675,1396,0.009511618,Normal
c6ba2cd2-58a0-44f4-9b75-993b4399c675,1397,0.009746075,Normal
c6ba2cd2-58a0-44f4-9b75-993b4399c675,1398,0.009735474,Normal
c6ba2cd2-58a0-44f4-9b75-993b4399c675,1399,0.009948022,Normal
c6ba2cd2-58a0-44f4-9b75-993b4399c675,1400,0.009643638,Normal
c6ba2cd2-58a0-44f4-9b75-993b4399c675,1401,0.00908941,Normal
c6ba2cd2-58a0-44f4-9b75-993b4399c675,1402,0.009272009,Normal
c6ba2cd2-58a0-44f4-9b75-993b4399c675,1403,0.00939689,Normal
c6ba2cd2-58a0-44f4-9b75-993b4399c675,1404,0.009786089,Normal
c6ba2cd2-58a0-44f4-9b75-993b4399c675,1405,0.009326903,Normal
c6ba2cd2-58a0-44f4-9b75-993b4399c675,1406,0.009084491,Normal
c6ba2cd2-58a0-44f4-9b75-993b4399c675,1407,0.009171574,Normal
c6ba2cd2-58a0-44f4-9b75-993b4399c675,1408,0.009219883,Normal
c6ba2cd2-58a0-44f4-9b75-993b4399c675,1409,0.009052353,Normal
c6ba2cd2-58a0-44f4-9b75-993b4399c675,1410,0.008996986,Normal
c6ba2cd2-58a0-44f4-9b75-993b4399c675,1411,0.008877459,Normal
c6ba2cd2-58a0-44f4-9b75-993b4399c675,1412,0.009733316,Normal
c6ba2cd2-58a0-44f4-9b75-993b4399c675,1413,0.009232291,Normal
c6ba2cd2-58a0-44f4-9b75-993b4399c675,1414,0.009531548,Normal
c6ba2cd2-58a0-44f4-9b75-993b4399c675,1415,0.009033407,Normal
c6ba2cd2-58a0-44f4-9b75-993b4399c675,1416,0.009505645,Normal
c6ba2cd2-58a0-44f4-9b75-993b4399c675,1417,0.008811956,Normal
c6ba2cd2-58a0-44f4-9b75-993b4399c675,1418,0.009817125,Normal
c6ba2cd2-58a0-44f4-9b75-993b4399c675,1419,0.009460166,Normal
c6ba2cd2-58a0-44f4-9b75-993b4399c675,1420,0.009512519,Normal
c6ba2cd2-58a0-44f4-9b75-993b4399c675,1421,0.009786889,Normal
c6ba2cd2-58a0-44f4-9b75-993b4399c675,1422,0.009690922,Normal
c6ba2cd2-58a0-44f4-9b75-993b4399c675,1423,0.009870753,Normal
c6ba2cd2-58a0-44f4-9b75-993b4399c675,1424,0.009395185,Normal
c6ba2cd2-58a0-44f4-9b75-993b4399c675,1425,0.009332249,Normal
c6ba2cd2-58a0-44f4-9b75-993b4399c675,1426,0.009637902,Normal
c6ba2cd2-58a0-44f4-9b75-993b4399c675,1427,0.009261858,Normal
c6ba2cd2-58a0-44f4-9b75-993b4399c675,1428,0.009823859,Normal
c6ba2cd2-58a0-44f4-9b75-993b4399c675,1429,0.009634709,Normal
c6ba2cd2-58a0-44f4-9b75-993b4399c675,1430,0.0088741,Normal
c6ba2cd2-58a0-44f4-9b75-993b4399c675,1431,0.008988359,Normal
c6ba2cd2-58a0-44f4-9b75-993b4399c675,1432,0.009811223,Normal
c6ba2cd2-58a0-44f4-9b75-993b4399c675,1433,0.009781921,Normal
c6ba2cd2-58a0-44f4-9b75-993b4399c675,1434,0.009799749,Normal
c6ba2cd2-58a0-44f4-9b75-993b4399c675,1435,0.010076409,Normal
c6ba2cd2-58a0-44f4-9b75-993b4399c675,1436,0.010075318,Normal
c6ba2cd2-58a0-44f4-9b75-993b4399c675,1437,0.008791426,Normal
c6ba2cd2-58a0-44f4-9b75-993b4399c675,1438,0.009239665,Normal
c6ba2cd2-58a0-44f4-9b75-993b4399c675,1439,0.009320489,Normal
c6ba2cd2-58a0-44f4-9b75-993b4399c675,1440,0.00933254,Normal
c6ba2cd2-58a0-44f4-9b75-993b4399c675,1441,0.009112674,Normal
c6ba2cd2-58a0-44f4-9b75-993b4399c675,1442,0.00897768,Normal
c6ba2cd2-58a0-44f4-9b75-993b4399c675,1443,0.009102812,Normal
c6ba2cd2-58a0-44f4-9b75-993b4399c675,1444,0.009408254,Normal
c6ba2cd2-58a0-44f4-9b75-993b4399c675,1445,0.009337604,Normal
c6ba2cd2-58a0-44f4-9b75-993b4399c675,1446,0.009238962,Normal
c6ba2cd2-58a0-44f4-9b75-993b4399c675,1447,0.009548462,Normal
c6ba2cd2-58a0-44f4-9b75-993b4399c675,1448,0.009457971,Normal
c6ba2cd2-58a0-44f4-9b75-993b4399c675,1449,0.009252183,Normal
c6ba2cd2-58a0-44f4-9b75-993b4399c675,1450,0.009131247,Normal
c6ba2cd2-58a0-44f4-9b75-993b4399c675,1451,0.008884829,Normal
c6ba2cd2-58a0-44f4-9b75-993b4399c675,1452,0.008999743,Normal
c6ba2cd2-58a0-44f4-9b75-993b4399c675,1453,0.008796372,Normal
c6ba2cd2-58a0-44f4-9b75-993b4399c675,1454,0.008984242,Normal
c6ba2cd2-58a0-44f4-9b75-993b4399c675,1455,0.009443467,Normal
c6ba2cd2-58a0-44f4-9b75-993b4399c675,1456,0.009426489,Normal
c6ba2cd2-58a0-44f4-9b75-993b4399c675,1457,0.009115437,Normal
c6ba2cd2-58a0-44f4-9b75-993b4399c675,1458,0.008617284,Normal
c6ba2cd2-58a0-44f4-9b75-993b4399c675,1459,0.008867931,Normal
c6ba2cd2-58a0-44f4-9b75-993b4399c675,1460,0.008817635,Normal
c6ba2cd2-58a0-44f4-9b75-993b4399c675,1461,0.008764267,Normal
c6ba2cd2-58a0-44f4-9b75-993b4399c675,1462,0.0081492895,Normal
c6ba2cd2-58a0-44f4-9b75-993b4399c675,1463,0.0076984577,Normal
c6ba2cd2-58a0-44f4-9b75-993b4399c675,1464,0.0073568327,Normal
c6ba2cd2-58a0-44f4-9b75-993b4399c675,1465,0.0075584096,Normal
c6ba2cd2-58a0-44f4-9b75-993b4399c675,1466,0.007661367,Normal
c6ba2cd2-58a0-44f4-9b75-993b4399c675,1467,0.0076019177,Normal
c6ba2cd2-58a0-44f4-9b75-993b4399c675,1468,0.007356884,Normal
c6ba2cd2-58a0-44f4-9b75-993b4399c675,1469,0.0072240373,Normal
c6ba2cd2-58a0-44f4-9b75-993b4399c675,1470,0.007258173,Normal
c6ba2cd2-58a0-44f4-9b75-993b4399c675,1471,0.0078024454,Normal
c6ba2cd2-58a0-44f4-9b75-993b4399c675,1472,0.008140376,Normal
c6ba2cd2-58a0-44f4-9b75-993b4399c675,1473,0.005375907,Normal
c6ba2cd2-58a0-44f4-9b75-993b4399c675,1474,0.005595994,Normal
c6ba2cd2-58a0-44f4-9b75-993b4399c675,1475,0.0055908123,Normal
c6ba2cd2-58a0-44f4-9b75-993b4399c675,1476,0.0055438867,Normal
c6ba2cd2-58a0-44f4-9b75-993b4399c675,1477,0.005517602,Normal
c6ba2cd2-58a0-44f4-9b75-993b4399c675,1478,0.00552236,Normal
c6ba2cd2-58a0-44f4-9b75-993b4399c675,1479,0.005500498,Normal
c6ba2cd2-58a0-44f4-9b75-993b4399c675,1480,0.0054765707,Normal
c6ba2cd2-58a0-44f4-9b75-993b4399c675,1481,0.005486868,Normal
c6ba2cd2-58a0-44f4-9b75-993b4399c675,1482,0.005497548,Normal
c6ba2cd2-58a0-44f4-9b75-993b4399c675,1483,0.0055239443,Normal
c6ba2cd2-58a0-44f4-9b75-993b4399c675,1484,0.005508432,Normal
c6ba2cd2-58a0-44f4-9b75-993b4399c675,1485,0.0054805703,Normal
c6ba2cd2-58a0-44f4-9b75-993b4399c675,1486,0.005473471,Normal
c6ba2cd2-58a0-44f4-9b75-993b4399c675,1487,0.0054489383,Normal
c6ba2cd2-58a0-44f4-9b75-993b4399c675,1488,0.005480905,Normal
c6ba2cd2-58a0-44f4-9b75-993b4399c675,1489,0.0054912465,Normal
c6ba2cd2-58a0-44f4-9b75-993b4399c675,1490,0.0054350165,Normal
c6ba2cd2-58a0-44f4-9b75-993b4399c675,1491,0.0054377867,Normal
